Slot,Unsplash photo id,Photographer,Source page
"static:home-hero","Y47w3a8uR94","Ernesto Samaniego","https://unsplash.com/photos/artist-applies-ink-to-printing-plate-with-gloved-hand-Y47w3a8uR94"
"static:home-hero-inset","zC3gXdE_w60","Andy Brown","https://unsplash.com/photos/a-desk-with-a-notebook-pens-and-a-box-of-cards-zC3gXdE_w60"
"static:home-why","eWuUwZWuWvE","Immo Wegmann","https://unsplash.com/photos/linen-tester-on-color-calibration-chart-eWuUwZWuWvE"
"static:about-hero","yZMbGeJwGL4","Samia Liamani","https://unsplash.com/photos/three-people-standing-near-table-inside-room-yZMbGeJwGL4"
"static:about-studio","KAzgxInZXMo","Magnus Andersson","https://unsplash.com/photos/man-in-black-crew-neck-t-shirt-wearing-black-framed-eyeglasses-using-computer-KAzgxInZXMo"
"static:contact-office","Fr6zexbmjmc","David Rodrigo","https://unsplash.com/photos/burj-khalifa-and-highway-in-dubai-Fr6zexbmjmc"
"static:process-hero","NDGIibZRa_0","Andre William","https://unsplash.com/photos/white-printer-papers-NDGIibZRa_0"
"static:industries-hero","0adHvNJu-Zo","Brands&People","https://unsplash.com/photos/yellow-and-white-labeled-can-0adHvNJu-Zo"
"static:blog-hero","8dgFq8Vbelo","Andy Brown","https://unsplash.com/photos/a-desk-with-a-keyboard-pencils-and-various-color-samples-8dgFq8Vbelo"
"work:storefront-signage","WZpNVE-oFbg","Scott Webb","https://unsplash.com/photos/gray-studio-signage-WZpNVE-oFbg"
"work:packaging-suite","fMveBTz2qWw","Mildlee","https://unsplash.com/photos/brown-cardboard-box-on-white-table-fMveBTz2qWw"
"work:delivery-van-livery","IsvZEgPkehk","Łukasz Mrowiec","https://unsplash.com/photos/custom-white-van-with-cherry-blossom-artwork-and-chrome-wheels-IsvZEgPkehk"
"work:corporate-stationery","X1ld4znbBpo","Mockup Free","https://unsplash.com/photos/a-folded-brochure-is-shown-on-a-white-surface-X1ld4znbBpo"
"work:exhibition-stand","zABKkmNQGMU","maxine guo","https://unsplash.com/photos/yellow-surfboard-displayed-at-outdoor-exhibition-zABKkmNQGMU"
"work:counter-display","YDde9egYzhw","Vishnu Kalanad","https://unsplash.com/photos/interior-view-of-a-well-lit-retail-store-with-merchandise-displays-YDde9egYzhw"
"work:office-wall-graphics","p_TQxkyyroE","byhome work","https://unsplash.com/photos/two-plants-in-front-of-a-wall-with-logo-p_TQxkyyroE"
"work:event-stage","bzdhc5b3Bxs","Teemu Paananen","https://unsplash.com/photos/person-discussing-while-standing-in-front-of-a-large-screen-in-front-of-people-inside-dim-lighted-room-bzdhc5b3Bxs"
"work:reception-sign","FDcydLvV7Io","Random Institute","https://unsplash.com/photos/white-and-brown-table-FDcydLvV7Io"
"work:roll-labels","inMtJzduxIg","pmv chamara","https://unsplash.com/photos/a-group-of-black-and-gold-products-on-a-black-surface-inMtJzduxIg"
"work:window-campaign","rgTvdYnlMBA","Eris Marasigan","https://unsplash.com/photos/a-display-of-mannequins-in-a-store-window-rgTvdYnlMBA"
"work:company-profile","PjhOkwN0ruY","Brando Makes Branding","https://unsplash.com/photos/open-notebook-page-PjhOkwN0ruY"
"work:standee-promo","MMYtcyI38O4","Chris Weiher","https://unsplash.com/photos/tulip-bulbs-are-for-sale-at-a-shop-MMYtcyI38O4"
"work:car-wrap","0UeHGWsFyHM","Deniz Demirci","https://unsplash.com/photos/a-man-working-on-a-car-in-a-garage-0UeHGWsFyHM"
"work:wayfinding","pAoOSyIHoNA","Filipe Lourenço Marques","https://unsplash.com/photos/text-pAoOSyIHoNA"
"work:menu-set","eIgwkkVW53o","Hyoshin Choi","https://unsplash.com/photos/two-people-sitting-at-a-table-with-a-menu-in-front-of-them-eIgwkkVW53o"
"cat:business-stationery","S0qh0ONK-AE","Ana Cruz","https://unsplash.com/photos/flat-lay-photography-of-white-printer-papers-S0qh0ONK-AE"
"cat:marketing-promotional","Ue7ttHJXf2o","Mockup Free","https://unsplash.com/photos/a-folded-brochure-with-a-black-and-white-photo-Ue7ttHJXf2o"
"cat:large-format","_9dSF0Hwitw","Pawel Czerwinski","https://unsplash.com/photos/turned-off-signage-_9dSF0Hwitw"
"cat:outdoor-signage","5Wp-np9UUjw","Eli Nir","https://unsplash.com/photos/neon-sign-for-plant-warehouse-at-night-5Wp-np9UUjw"
"cat:corporate-gifts","q_PaBcD1W1A","Olivia Bollen","https://unsplash.com/photos/hands-opening-a-box-with-ojlb-branding-q_PaBcD1W1A"
"cat:event-exhibition","KVvEpFVq_-U","Euronewsweek Media","https://unsplash.com/photos/busy-exhibition-hall-with-many-booths-and-attendees-KVvEpFVq_-U"
"cat:indoor-signage","-1_q0o5I5D8","Wafiq Raza","https://unsplash.com/photos/a-reception-desk-with-artwork-on-the-wall--1_q0o5I5D8"
"cat:branding-identity","BfaZCp_lB8g","Testeur de CBD","https://unsplash.com/photos/a-paper-with-a-pen-and-a-clipboard-next-to-it-BfaZCp_lB8g"
"cat:vehicle-branding","3vlGNkDep4E","Markus Winkler","https://unsplash.com/photos/white-vans-parked-in-mossingen-3vlGNkDep4E"
"cat:stickers-labels","GupN8--SeRQ","Didhin Kurian","https://unsplash.com/photos/white-red-and-yellow-floral-letter-b-wall-decor-GupN8--SeRQ"
"cat:apparel","AIE1_Kp5Zp4","Mnz","https://unsplash.com/photos/piled-of-black-gray-and-brown-clothes-AIE1_Kp5Zp4"
"cat:packaging","bYhDEWgqYLM","Giorgio Trovato","https://unsplash.com/photos/a-brown-box-with-a-white-background-bYhDEWgqYLM"
"cat:safety-industrial","-ru-WEZmA4Q","Troy Bridges","https://unsplash.com/photos/shallow-focus-photo-of-high-voltage-signage--ru-WEZmA4Q"
"cat:laser-engraving","TUwbs83-WqQ","arman khadangan","https://unsplash.com/photos/a-person-is-making-a-hole-in-a-piece-of-paper-TUwbs83-WqQ"
"cat:pos-retail","ivfp_yxZuYQ","Franki Chamaki","https://unsplash.com/photos/grocery-store-aisle-with-stocked-shelves-ivfp_yxZuYQ"
"cat:wall-floor-glass","-2Khf-1qoCA","Craig Lovelidge","https://unsplash.com/photos/a-hallway-with-glass-walls-and-a-clock-on-the-wall--2Khf-1qoCA"
"cat:construction-site","9feFICPEzQE","John Cameron","https://unsplash.com/photos/assorted-books-9feFICPEzQE"
"cat:interior-graphics","VWFv6Ipq6M4","Piotr Rogalski","https://unsplash.com/photos/a-bed-room-with-a-neatly-made-bed-and-a-painting-on-the-wall-VWFv6Ipq6M4"
"cat:educational","Oe8Q-mzNUT4","Milos Lopusina","https://unsplash.com/photos/a-woman-writing-on-a-piece-of-paper-Oe8Q-mzNUT4"
"cat:hospitality","5JwBbnyZzfc","Hitesh Dewasi","https://unsplash.com/photos/white-ceramic-plate-on-brown-wooden-table-5JwBbnyZzfc"
"cat:healthcare-medical","Pk-KuizxQv8","Tasha Kostyuk","https://unsplash.com/photos/empty-hospital-corridor-with-benches-and-doors-Pk-KuizxQv8"
"cat:government-compliance","4_SiciNWLYg","Jack Young","https://unsplash.com/photos/brown-wooden-wall-with-white-and-black-welcome-to-fabulous-las-vegas-nevada-signage-4_SiciNWLYg"
"cat:sticker-materials","sVouPQ4YGJI","Jaime Nugent","https://unsplash.com/photos/a-bunch-of-scissors-and-other-objects-sVouPQ4YGJI"
"cat:fabrication-installation","mXw7ZerfCsI","Rick Hyne","https://unsplash.com/photos/man-in-green-jacket-wearing-white-helmet-standing-near-brown-wooden-table-during-daytime-mXw7ZerfCsI"
"cat:design-creative","pHPzdEHN6Os","Faizur Rehman","https://unsplash.com/photos/man-in-black-shirt-sitting-in-front-of-computer-pHPzdEHN6Os"
"cat:maintenance-replacement","6N8oj64ebyA","Marianna Krzakiewicz","https://unsplash.com/photos/a-man-in-an-orange-safety-suit-painting-a-sign-6N8oj64ebyA"
"svc:printing-services-dubai","GAIfcyT6cxs","Refat Ul Islam","https://unsplash.com/photos/a-person-using-a-touchscreen-device-GAIfcyT6cxs"
"svc:printing-services-dubai:2","hqCEQTc5gZA","Markus Spiske","https://unsplash.com/photos/close-up-photo-of-black-camera-lens-hqCEQTc5gZA"
"svc:digital-printing-dubai","g9_KP2fvFII","Geri Sakti","https://unsplash.com/photos/a-machine-that-is-cutting-a-sheet-of-paper-g9_KP2fvFII"
"svc:digital-printing-dubai:2","Eot2s-vadG0","Jelly Marketing","https://unsplash.com/photos/person-in-navy-shirt-with-badge-Eot2s-vadG0"
"svc:offset-printing-dubai","Tzm3Oyu_6sk","Bank Phrom","https://unsplash.com/photos/printing-machine-Tzm3Oyu_6sk"
"svc:offset-printing-dubai:2","B81670AyocM","stefano manzini","https://unsplash.com/photos/person-holding-white-and-green-wall-B81670AyocM"
"svc:signage-dubai","VIAaCisVe04","Rapha Wilde","https://unsplash.com/photos/a-group-of-red-and-white-blocks-VIAaCisVe04"
"svc:signage-dubai:2","FS2DgXB1Ap0","Anne Nygård","https://unsplash.com/photos/a-person-on-a-green-tractor-FS2DgXB1Ap0"
"svc:corporate-printing-dubai","Bg3qkPDpopY","Jess Bailey","https://unsplash.com/photos/flat-lay-photo-of-gold-apple-watch-clear-eyeglasses-and-pens-Bg3qkPDpopY"
"svc:corporate-printing-dubai:2","JhyFdSsZBPY","Rodrigo Rodrigues | WOLF Λ R T","https://unsplash.com/photos/brochure-reforma-tributaria-2020-on-a-dark-table-JhyFdSsZBPY"
"pool:digital-press","Wq4lqogZKMY","Srdjan Ivankovic","https://unsplash.com/photos/black-and-white-metal-frame-Wq4lqogZKMY"
"pool:offset-press","HFYczZkqCoE","NOAA","https://unsplash.com/photos/grayscale-photography-of-man-using-machine-HFYczZkqCoE"
"pool:large-format-printer","CYrYxz-uvE4","Geri Sakti","https://unsplash.com/photos/industrial-printer-with-pink-banner-CYrYxz-uvE4"
"pool:finishing-cutting","5IG5XdpYih4","Panda Paper Roll","https://unsplash.com/photos/a-machine-with-a-blue-cover-5IG5XdpYih4"
"pool:binding","AmvUqBtvXpA","Christopher Bill","https://unsplash.com/photos/black-and-white-book-page-AmvUqBtvXpA"
"pool:foil-embossing","dTmzpaE5Uis","Brett Jordan","https://unsplash.com/photos/blue-and-white-paisley-textile-dTmzpaE5Uis"
"pool:vinyl-plotter","XhNxW-9IROo","AFINIS Group ® - AFINIS GASKET® Production","https://unsplash.com/photos/a-close-up-of-a-machine-with-a-camera-on-it-XhNxW-9IROo"
"pool:vinyl-installation","NqpWSWv0oAs","Steve A Johnson","https://unsplash.com/photos/orange-and-green-rectangular-frame-NqpWSWv0oAs"
"pool:sign-fabrication","kLeczQMR55Y","Syd Mills","https://unsplash.com/photos/man-in-blue-denim-jeans-and-brown-leather-jacket-standing-near-gray-metal-pole-kLeczQMR55Y"
"pool:sign-installation","5_IDEJpj4Ag","Miikka Luotio","https://unsplash.com/photos/grayscale-photo-of-man-in-black-t-shirt-and-black-pants-playing-guitar-5_IDEJpj4Ag"
"pool:laser-cutter","KshEaH06rV8","Opt Lasers","https://unsplash.com/photos/purple-and-white-led-light-KshEaH06rV8"
"pool:screen-printing","-OI61ziuAh0","Anthony Roberts","https://unsplash.com/photos/a-person-working-on-a-machine--OI61ziuAh0"
"pool:embroidery","beK1tm4ufpU","James Inigo","https://unsplash.com/photos/a-person-holding-a-blue-object-beK1tm4ufpU"
"pool:heat-press","EY0BPl2rpME","Compagnons","https://unsplash.com/photos/a-yellow-t-shirt-on-a-pressing-machine-EY0BPl2rpME"
"pool:packaging-production","gthSas4oYC0","Luke Heibert","https://unsplash.com/photos/a-lot-of-brown-boxes-that-are-open-gthSas4oYC0"
"pool:label-printing","fl8gBcnfWJU","Vindemia Winery","https://unsplash.com/photos/red-and-white-plastic-bottle-on-brown-cardboard-box-fl8gBcnfWJU"
"pool:design-studio","CGpifH3FjOA","Theme Photos","https://unsplash.com/photos/designer-using-tablet-and-laptop-workspace-CGpifH3FjOA"
"pool:quality-check","_luiFaaZU6k","Hans Westbeek","https://unsplash.com/photos/hands-using-a-digital-caliper-to-measure-metal-part-_luiFaaZU6k"
"pool:vehicle-wrap-install","rsaYn6mq2qo","Clarity Coat","https://unsplash.com/photos/a-man-in-black-gloves-waxing-a-blue-car-rsaYn6mq2qo"
"pool:promo-branding","euOA6oQIfIc","Đồng Phục Hải Triều","https://unsplash.com/photos/a-person-cutting-fabric-on-a-conveyor-belt-euOA6oQIfIc"
"p:gold-foil-business-card-printing-dubai:hero","s_bUB9FYRUc","Jess Bailey","https://unsplash.com/photos/christmas-cards-with-festive-holiday-designs-s_bUB9FYRUc"
"p:business-card-printing-dubai:hero","XdlhXRH_UJw","Mediamodifier","https://unsplash.com/photos/two-blank-business-cards-sitting-on-top-of-each-other-XdlhXRH_UJw"
"p:envelope-printing-dubai:hero","Axli9F0n26A","Valeria Reverdo","https://unsplash.com/photos/a-white-envelope-on-a-black-background-Axli9F0n26A"
"p:presentation-folder-printing-dubai:hero","2egqPvNR52E","Invest Europe","https://unsplash.com/photos/two-business-professionals-discussing-documents-in-an-office-2egqPvNR52E"
"p:invoice-book-printing-dubai:hero","Ok76F6yW2iA","NORTHFOLK","https://unsplash.com/photos/finance-tracker-planner-with-budget-sheets-Ok76F6yW2iA"
"p:ncr-book-printing-dubai:hero","FYDavsWY_wY","2H Media","https://unsplash.com/photos/a-stack-of-papers-sitting-on-top-of-a-white-counter-FYDavsWY_wY"
"p:brochure-printing-dubai:hero","PS2hGTM_voo","Mockup Free","https://unsplash.com/photos/a-folded-brochure-with-a-green-circle-on-it-PS2hGTM_voo"
"p:hotel-door-hanger-printing-dubai:hero","BCHls2qz-wI","Simon N","https://unsplash.com/photos/a-dark-do-not-disturb-sign-hangs-on-a-wall-BCHls2qz-wI"
"p:flyer-printing-dubai:hero","j_C123EXFWM","Bundo Kim","https://unsplash.com/photos/closed-around-cookbook-on-brown-surface-j_C123EXFWM"
"p:branded-pens-dubai:hero","JDPDMaINjko","Kelly Sikkema","https://unsplash.com/photos/blue-and-silver-click-pen-JDPDMaINjko"
"p:poster-printing-dubai:hero","Rmjq07KI20U","the blowup","https://unsplash.com/photos/white-dress-shirt-hanging-on-brown-wooden-cabinet-Rmjq07KI20U"
"p:tent-card-printing-dubai:hero","W02uD33LSG0","Md Tofajjal Hossen","https://unsplash.com/photos/a-sign-sitting-on-top-of-a-white-table-W02uD33LSG0"
"p:backlit-signage-dubai:hero","5AMSZcgN_cM","Foo Visuals","https://unsplash.com/photos/black-and-brown-menu-display-5AMSZcgN_cM"
"p:flex-banner-printing-dubai:hero","-c_LxZzVUnY","Josh Sanabria","https://unsplash.com/photos/the-beach-is-the-unk--c_LxZzVUnY"
"p:roll-up-banner-printing-dubai:hero","POXFmKVOaQU","Michael Pointner","https://unsplash.com/photos/a-room-with-a-window-and-a-sign-in-the-corner-POXFmKVOaQU"
"p:vinyl-printing-dubai:hero","cnLiKdlG538","Tina Roy","https://unsplash.com/photos/an-office-cubicle-with-two-glass-doors-and-a-grass-area-cnLiKdlG538"
"p:x-banner-printing-dubai:hero","AqAA1JMQYPE","Aaron Douglas","https://unsplash.com/photos/lets-go-retro-banner-at-a-vintage-collectibles-market-AqAA1JMQYPE"
"p:3d-letter-signs-dubai:hero","qQtNRj9xbkA","Zoshua Colah","https://unsplash.com/photos/wondhen-cafe-sign-on-a-stone-wall-qQtNRj9xbkA"
"p:acp-sign-boards-dubai:hero","cVxbJOk8pY8","Markus Winkler","https://unsplash.com/photos/a-sign-on-the-side-of-a-building-cVxbJOk8pY8"
"p:flex-sign-board-dubai:hero","yD1LNZtwk4w","Christopher Farrugia","https://unsplash.com/photos/blue-and-white-unk-neon-light-signage-yD1LNZtwk4w"
"p:led-light-box-signage-dubai:hero","0mD-dcRDmE8","JNY AAA","https://unsplash.com/photos/white-circular-sign-with-coffee-near-me-text-0mD-dcRDmE8"
"p:neon-sign-boards-dubai:hero","PQ36AkKJfAc","Cory Billingsley","https://unsplash.com/photos/red-neon-signage-PQ36AkKJfAc"
"p:branded-caps-dubai:hero","2loKxdi6Hmo","Yang Deng","https://unsplash.com/photos/gray-baseball-cap-on-white-surface-2loKxdi6Hmo"
"p:custom-diary-printing-dubai:hero","7lS8ChNKsFs","Pavel Polívka","https://unsplash.com/photos/silver-click-pen-on-black-book-7lS8ChNKsFs"
"p:custom-mug-printing-dubai:hero","v_hBNRgyuFw","Andreea Avramescu","https://unsplash.com/photos/white-ceramic-mug-on-brown-wooden-table-v_hBNRgyuFw"
"p:branded-usb-flash-drives-dubai:hero","9Eid2zc_Veo","Sara Kurfeß","https://unsplash.com/photos/black-thumb-drive-9Eid2zc_Veo"
"p:event-backdrop-printing-dubai:hero","ziO3RU1dhNs","Stocker LL","https://unsplash.com/photos/background-pattern-ziO3RU1dhNs"
"p:exhibition-stand-printing-dubai:hero","BKpOVik79lA","Trans Russia","https://unsplash.com/photos/people-at-a-business-exhibition-interacting-with-a-booth-BKpOVik79lA"
"p:pop-up-display-dubai:hero","kXOE0o12ksw","TADEUSZ NOWAKOWSKI","https://unsplash.com/photos/blue-and-white-swimming-pool-kXOE0o12ksw"
"p:stage-branding-dubai:hero","AsxOJcsaR4g","Carlos Gil","https://unsplash.com/photos/speaker-presenting-on-stage-to-an-audience-AsxOJcsaR4g"
"p:acrylic-signage-dubai:hero","ZIMJQWbg41Q","2H Media","https://unsplash.com/photos/a-sign-on-a-glass-door-that-says-meeting-room-ZIMJQWbg41Q"
"p:office-name-boards-dubai:hero","l7TI-pNdeDQ","Jason Leung","https://unsplash.com/photos/jason-name-tag-l7TI-pNdeDQ"
"p:reception-signage-dubai:hero","HVp2MG15y3E","Tim van der Kuip","https://unsplash.com/photos/black-app-sign-on-white-wall-HVp2MG15y3E"
"p:wall-graphics-dubai:hero","QyA1Uo-dh50","Wafiq Raza","https://unsplash.com/photos/a-conference-room-with-a-large-wooden-table-and-chairs-QyA1Uo-dh50"
"p:company-profile-printing-dubai:hero","im08hUXmedQ","Julian Hochgesang","https://unsplash.com/photos/white-printer-paper-on-black-table-im08hUXmedQ"
"p:corporate-identity-printing-dubai:hero","ie-AiMZOWZk","Martynas Marcenko","https://unsplash.com/photos/pink-and-black-sticky-notes-ie-AiMZOWZk"
"p:office-branding-dubai:hero","Ypv0MH4izf8","Aalo Lens","https://unsplash.com/photos/modern-lobby-with-reception-desk-and-seating-area-Ypv0MH4izf8"
"p:fleet-branding-dubai:hero","dlGhQPIstkQ","Ruffa Jane Reyes","https://unsplash.com/photos/person-walking-in-the-middle-on-vehicles-dlGhQPIstkQ"
"p:vehicle-wrapping-dubai:hero","vsJwsT1YnvQ","Phillip Flores","https://unsplash.com/photos/a-blue-porsche-with-a-colorful-graphic-design-vsJwsT1YnvQ"
"p:partial-vehicle-wrapping-dubai:hero","fG40wALJPqQ","panpan ma","https://unsplash.com/photos/a-white-and-orange-pet-ambulance-truck-with-animal-illustrations-fG40wALJPqQ"
"p:reflective-sticker-printing-dubai:hero","zi7MHWbZdkY","Reiner Knudsen","https://unsplash.com/photos/a-couple-of-yellow-and-black-arrows-on-a-wall-zi7MHWbZdkY"
"p:barcode-label-printing-dubai:hero","pqRWC7UW9qk","Egor Komarov","https://unsplash.com/photos/brown-cardboard-tube-with-a-label-pqRWC7UW9qk"
"p:die-cut-sticker-printing-dubai:hero","nTLxaQn5xxk","Sticker it","https://unsplash.com/photos/a-drawing-on-a-table-nTLxaQn5xxk"
"p:magnetic-stickers-dubai:hero","s1jvMJynGlw","Jametlene Reskp","https://unsplash.com/photos/a-wall-covered-in-lots-of-stickers-and-signs-s1jvMJynGlw"
"p:product-label-printing-dubai:hero","5PhfLXQGU8I","Sticker it","https://unsplash.com/photos/a-group-of-jars-with-gold-labels-5PhfLXQGU8I"
"p:transparent-sticker-printing-dubai:hero","KLU0scqbKQ0","pmv chamara","https://unsplash.com/photos/a-group-of-candles-sitting-next-to-each-other-KLU0scqbKQ0"
"p:vinyl-sticker-printing-dubai:hero","QIqdLYG8ZWU","Rainier Watch","https://unsplash.com/photos/text-QIqdLYG8ZWU"
"p:safety-vest-printing-dubai:hero","5YiJatx_yec","Caspar Rae","https://unsplash.com/photos/man-in-green-jacket-and-orange-helmet-standing-on-gray-concrete-floor-5YiJatx_yec"
"p:t-shirt-printing-dubai:hero","aiscBjG2fSA","Redicul Pict","https://unsplash.com/photos/a-black-t-shirt-with-a-blue-logo-on-it-aiscBjG2fSA"
"p:uniform-printing-dubai:hero","kWVImL5QxJI","No Revisions","https://unsplash.com/photos/black-clothes-hanged-in-rack-kWVImL5QxJI"
"p:custom-box-printing-dubai:hero","vdkAt1S7fCc","khampha phimmachak","https://unsplash.com/photos/a-black-gift-box-with-a-gold-ribbon-on-a-yellow-background-vdkAt1S7fCc"
"p:kraft-bag-printing-dubai:hero","iiuHDR8Om44","Tamás Szabó","https://unsplash.com/photos/a-brown-paper-bag-sitting-on-top-of-a-table-iiuHDR8Om44"
"p:product-tags-and-labels-printing-dubai:hero","EbUHz58Jba8","Angèle Kamp","https://unsplash.com/photos/a-black-speaker-and-a-white-box-EbUHz58Jba8"
"p:paper-bag-printing-dubai:hero","WyT5i2PsPM0","Intenza Fitness","https://unsplash.com/photos/two-bags-sitting-on-top-of-a-cement-block-WyT5i2PsPM0"
"p:product-packaging-printing-dubai:hero","dMjkQJs58uo","pmv chamara","https://unsplash.com/photos/pink-cosmetic-containers-and-makeup-brush-dMjkQJs58uo"
"p:reflective-signage-dubai:hero","0PpehdpobH8","Joshua Hoehne","https://unsplash.com/photos/speed-limit-25-sign-0PpehdpobH8"
"p:safety-signs-dubai:hero","T2UDdwJqGuM","Evgeny Klimenchenko","https://unsplash.com/photos/text-T2UDdwJqGuM"
"p:warning-labels-dubai:hero","jX6WXNkvsPs","Mikael Seegen","https://unsplash.com/photos/black-and-yellow-poison-sign-jX6WXNkvsPs"
"p:acrylic-letter-cutting-dubai:hero","67Jb8c8jRmM","Thomas Kinto","https://unsplash.com/photos/brown-and-beige-love-wall-decor-67Jb8c8jRmM"
"p:metal-engraving-dubai:hero","7epbl62XcXk","iridial","https://unsplash.com/photos/metal-plate-with-g-15-designation-on-wooden-planks-7epbl62XcXk"
"p:plaques-and-trophies-dubai:hero","_XTY6lD8jgM","Giorgio Trovato","https://unsplash.com/photos/yellow-and-white-trophy-_XTY6lD8jgM"
"p:wood-engraving-dubai:hero","oka-0UH2uvw","T","https://unsplash.com/photos/holwell-farmhouse-wooden-sign-by-window-oka-0UH2uvw"
"p:counter-display-printing-dubai:hero","jqjLE1iasVw","Josh Marty","https://unsplash.com/photos/a-small-convenience-store-with-snacks-and-drinks-jqjLE1iasVw"
"p:end-cap-display-printing-dubai:hero","rWMIbqmOxrY","Nathália Rosa","https://unsplash.com/photos/grocery-store-aisle-with-stocked-shelves-rWMIbqmOxrY"
"p:shelf-talkers-dubai:hero","8vgsOVj0OfM","Marques Thomas","https://unsplash.com/photos/assorted-fruits-on-brown-wooden-shelf-8vgsOVj0OfM"
"p:standee-printing-dubai:hero","mCzxsbMjG6M","Emma Ou","https://unsplash.com/photos/a-man-standing-next-to-a-sign-with-a-bear-on-it-mCzxsbMjG6M"
"p:wobbler-printing-dubai:hero","ZLaxv6iiLcI","Franki Chamaki","https://unsplash.com/photos/green-and-red-labeled-plastic-pack-ZLaxv6iiLcI"
"p:floor-graphics-dubai:hero","bIx67RSTbMg","set.sj","https://unsplash.com/photos/a-coin-on-a-tile-floor-bIx67RSTbMg"
"p:frosted-glass-film-dubai:hero","9VbAaQyLvWc","the blowup","https://unsplash.com/photos/person-in-white-shirt-standing-in-front-of-mirror-9VbAaQyLvWc"
"p:glass-sticker-printing-dubai:hero","oHpXAQ7SM6U","Erik Mclean","https://unsplash.com/photos/a-sign-on-a-door-that-says-open-business-hours-oHpXAQ7SM6U"
"p:wall-mural-printing-dubai:hero","zbkBJNSQw0U","The Yardcoworking","https://unsplash.com/photos/modern-lounge-area-with-comfortable-seating-and-mural-zbkBJNSQw0U"
"p:wayfinding-signage-dubai:hero","sAe3-PWwjAc","Eriel Ezequiel Reyes Saviñon","https://unsplash.com/photos/a-long-hallway-with-chairs-and-a-clock-on-the-wall-sAe3-PWwjAc"
"p:construction-site-signage-dubai:hero","yvpexJFLTSU","Sandy Millar","https://unsplash.com/photos/danger-construction-site-signage-yvpexJFLTSU"
"p:hoarding-graphics-dubai:hero","iOyAhbeExHc","Benjamin Taman","https://unsplash.com/photos/dusty-cairo-side-street-blocked-by-yellow-metal-hoarding-iOyAhbeExHc"
"p:project-sign-boards-dubai:hero","KgE6Zd5LClc","Robin Jonathan Deutsch","https://unsplash.com/photos/a-sign-in-the-grass-KgE6Zd5LClc"
"p:construction-safety-boards-dubai:hero","UKM5SNcY84o","Kelly Sikkema","https://unsplash.com/photos/red-and-white-stop-sign-UKM5SNcY84o"
"p:canvas-printing-dubai:hero","ghPHKipv790","Francesca Tosolini","https://unsplash.com/photos/beige-bed-with-white-mattress-ghPHKipv790"
"p:interior-panel-printing-dubai:hero","hKLWQZHD-Kg","Jason Leung","https://unsplash.com/photos/black-and-white-wall-mounted-flat-screen-tv-hKLWQZHD-Kg"
"p:wallpaper-printing-dubai:hero","JHidVK7VclY","Point3D Commercial Imaging Ltd.","https://unsplash.com/photos/white-and-gray-bed-linen-JHidVK7VclY"
"p:window-display-graphics-dubai:hero","49mCO5ZRQDk","Artem Beliaikin","https://unsplash.com/photos/two-male-and-female-mannequin-wearing-clothes-49mCO5ZRQDk"
"p:certificate-printing-dubai:hero","CTTi-tl-OUU","The New York Public Library","https://unsplash.com/photos/ornate-gold-border-with-crests-on-a-cream-background-CTTi-tl-OUU"
"p:exam-paper-printing-dubai:hero","cbEvoHbJnIE","Nguyen Dang Hoang Nhu","https://unsplash.com/photos/pencil-on-multiple-choice-answer-sheet-cbEvoHbJnIE"
"p:id-card-printing-dubai:hero","8nWlT2li2sI","jim","https://unsplash.com/photos/a-white-table-topped-with-a-green-plant-and-a-tag-8nWlT2li2sI"
"p:report-card-printing-dubai:hero","2cPzM3mam_0","Annie Spratt","https://unsplash.com/photos/white-printer-paper-on-brown-wooden-surface-2cPzM3mam_0"
"p:training-manual-printing-dubai:hero","xQsoV7Zf5iw","Kelly Sikkema","https://unsplash.com/photos/a-close-up-of-a-book-xQsoV7Zf5iw"
"p:restaurant-menu-printing-dubai:hero","h-8ql6184Qc","Annie Spratt","https://unsplash.com/photos/a-menu-sitting-on-top-of-a-table-next-to-a-cup-of-coffee-h-8ql6184Qc"
"p:printed-table-mats-dubai:hero","CA_gNl6C1xM","Alla Hetman","https://unsplash.com/photos/round-white-and-gray-plate-and-fork-on-brown-placemat-CA_gNl6C1xM"
"p:hospital-signage-dubai:hero","4tP2Xok0XQM","Marius Karotkis","https://unsplash.com/photos/a-street-sign-with-many-street-signs-4tP2Xok0XQM"
"p:medical-form-printing-dubai:hero","tQQ4BwN_UFs","Kelly Sikkema","https://unsplash.com/photos/stack-of-papers-flat-lay-photography-tQQ4BwN_UFs"
"p:patient-information-boards-dubai:hero","ShJUYkshceY","Martha Dominguez de Gouveia","https://unsplash.com/photos/empty-hospital-bed-ShJUYkshceY"
"p:facility-signage-dubai:hero","YMMuClvvvWI","Waldemar Brandt","https://unsplash.com/photos/house-number-15-YMMuClvvvWI"
"p:mandatory-safety-signage-dubai:hero","-GadcAEZhwg","Bernard Hermant","https://unsplash.com/photos/blue-and-white-exit-signage-mounted-on-brown-brick-wall--GadcAEZhwg"
"p:regulatory-stickers-dubai:hero","PWrOCrJN1yM","coa software","https://unsplash.com/photos/white-red-and-green-plastic-pack-lot-PWrOCrJN1yM"
"p:paper-sticker-printing-dubai:hero","5u5IQyQdfkM","Mediamodifier","https://unsplash.com/photos/brown-cardboard-box-on-white-table-5u5IQyQdfkM"
"p:on-site-branding-dubai:hero","vWxMDFEf298","Musemind UX Agency","https://unsplash.com/photos/a-room-that-has-a-table-and-a-plant-in-it-vWxMDFEf298"
"p:sign-board-installation-dubai:hero","nZhTN2Sl7s4","Stephan HK","https://unsplash.com/photos/man-climbing-near-signage-nZhTN2Sl7s4"
"p:vehicle-branding-installation-dubai:hero","G6sI_6B_FFY","Clarity Coat","https://unsplash.com/photos/a-person-wearing-gloves-and-gloves-is-painting-a-blue-car-G6sI_6B_FFY"
"p:artwork-correction-for-printing-dubai:hero","5v69Vl62NCM","Jesus Hilario H.","https://unsplash.com/photos/silver-imac-with-magic-mouse-and-keyboard-5v69Vl62NCM"
"p:graphic-design-services-dubai:hero","qomIC8mCr0Y","pmv chamara","https://unsplash.com/photos/a-hand-holding-a-book-open-to-a-mockup-qomIC8mCr0Y"
"p:logo-design-dubai:hero","OEIix2awZr4","Rochelle Lee","https://unsplash.com/photos/orange-card-with-one-logo-surrounded-by-other-cards-OEIix2awZr4"
"p:signage-replacement-dubai:hero","dyWVPeyBvrM","Mockup Free","https://unsplash.com/photos/a-sign-hanging-on-the-side-of-a-wall-dyWVPeyBvrM"
"p:print-ready-file-setup-dubai:hero","yapBRdPWxik","Faizur Rehman","https://unsplash.com/photos/silver-imac-on-brown-wooden-table-yapBRdPWxik"
"p:rebranding-services-dubai:hero","XXGMfoJfGnk","Simon Ray","https://unsplash.com/photos/a-sign-that-says-paint-and-body-shop-lit-up-at-night-XXGMfoJfGnk"
"p:sticker-removal-dubai:hero","Ytkh_pqyf2Y","Nik","https://unsplash.com/photos/white-car-with-license-plate-Ytkh_pqyf2Y"
"p:letterhead-printing-dubai:hero","V29UWcALNko","ron dyar","https://unsplash.com/photos/stack-of-papers-V29UWcALNko"
"p:invitation-printing-dubai:hero","BiT7NBELhTg","Micah & Sammie Chaffin","https://unsplash.com/photos/a-close-up-of-a-wedding-suite-on-a-bed-BiT7NBELhTg"
"p:banner-printing-dubai:hero","Cg7xHNo0ur0","Tim Mossholder","https://unsplash.com/photos/a-black-and-gold-sign-that-says-grand-opening-Cg7xHNo0ur0"
"p:office-signage-dubai:hero","ePvb1-79bV0","Craig Lovelidge","https://unsplash.com/photos/a-long-hallway-leading-to-a-kitchen-and-dining-area-ePvb1-79bV0"
"p:shop-signage-dubai:hero","nlfOuHQlO7c","Osarugue Igbinoba","https://unsplash.com/photos/group-of-people-in-white-robe-standing-on-white-floor-tiles-nlfOuHQlO7c"
"ind:restaurants","1Uj0HmqQFGk","Clay Banks","https://unsplash.com/photos/black-chopsticks-in-white-ceramic-bowl-on-table-1Uj0HmqQFGk"
"ind:restaurants:app","OLU4q7o01Dk","Martin Baron","https://unsplash.com/photos/a-woman-sitting-at-a-table-with-a-menu-OLU4q7o01Dk"
"ind:real-estate","f3QterYFO-o","A65 Design","https://unsplash.com/photos/white-flower-on-white-ceramic-vase-on-brown-wooden-table-f3QterYFO-o"
"ind:real-estate:app","f4grplcxTjQ","Compagnons","https://unsplash.com/photos/person-holding-a-red-book-with-yellow-cover-design-f4grplcxTjQ"
"ind:hospitality","xQbmc2FnK3Y","Antonio Araujo","https://unsplash.com/photos/a-well-lit-hotel-room-with-seating-and-a-desk-xQbmc2FnK3Y"
"ind:hospitality:app","zh0TlY18OjE","visuals","https://unsplash.com/photos/please-do-not-disturb-my-quarantine-zh0TlY18OjE"
"ind:retail","73G3F3VHLQk","krisna azie","https://unsplash.com/photos/a-mall-filled-with-lots-of-people-and-escalators-73G3F3VHLQk"
"ind:retail:app","PuTuY_TDM7g","T","https://unsplash.com/photos/jars-of-preserves-and-condiments-displayed-on-supermarket-shelves-PuTuY_TDM7g"
"ind:healthcare","nMyM7fxpokE","Martha Dominguez de Gouveia","https://unsplash.com/photos/hospital-lobby-reception-with-signage-nMyM7fxpokE"
"ind:healthcare:app","5KPA4nFtHbU","Nelson Jolivet","https://unsplash.com/photos/a-person-sitting-at-a-table-with-a-notebook-and-pen-5KPA4nFtHbU"
"ind:education","g8s1NJqptEk","Kim Ukill","https://unsplash.com/photos/a-hallway-with-many-paintings-on-the-walls-g8s1NJqptEk"
"ind:education:app","WNRNIZOP29s","jim","https://unsplash.com/photos/a-lanyard-id-card-attached-to-a-lanyard-WNRNIZOP29s"
"ind:construction","IH8207N-7tI","Troy Mortier","https://unsplash.com/photos/a-building-under-construction-with-a-crane-in-the-background-IH8207N-7tI"
"ind:construction:app","hfj5CG9dvuU","John Kakuk","https://unsplash.com/photos/men-in-safety-vests-standing-in-front-of-a-construction-vehicle-hfj5CG9dvuU"
"blog:business-card-printing-cost-dubai","6nEQKmu0tFo","Julian Tong","https://unsplash.com/photos/a-pair-of-business-cards-sitting-on-top-of-a-marble-counter-6nEQKmu0tFo"
"blog:digital-vs-offset-printing","RDFuXgo2mzE","omid roshan","https://unsplash.com/photos/black-and-silver-exercise-equipment-RDFuXgo2mzE"
"blog:best-paper-for-business-cards","6csRRDksb8k","Annie Spratt","https://unsplash.com/photos/three-shades-of-white-and-beige-on-a-white-background-6csRRDksb8k"
"blog:350gsm-vs-400gsm-business-cards","jmSbZZzRfvU","Brando Makes Branding","https://unsplash.com/photos/white-printer-paper-on-white-surface-jmSbZZzRfvU"
"blog:matte-vs-glossy-printing","29n7XP1K2B0","Erik Mclean","https://unsplash.com/photos/white-printer-paper-on-brown-wooden-table-29n7XP1K2B0"
"blog:what-is-spot-uv-printing","qlNNYxkKoDc","Giorgio Trovato","https://unsplash.com/photos/person-holding-black-rectangular-paper-qlNNYxkKoDc"
"blog:foil-printing-guide","Em96eDRJPD8","Katie Harp","https://unsplash.com/photos/gold-metallic-foil-texture-background-Em96eDRJPD8"
"blog:a4-vs-a5-flyers","wdhMxzy_wB4","Trần Văn Sơn","https://unsplash.com/photos/a-table-topped-with-lots-of-cards-covered-in-green-leaves-wdhMxzy_wB4"
"blog:how-to-choose-sticker-material","rxv8P843Bco","Sticker Mule","https://unsplash.com/photos/white-blue-and-red-floral-ceramic-mug-rxv8P843Bco"
"blog:vinyl-vs-paper-stickers","-L7nlpJDUo8","AllSticker Printing","https://unsplash.com/photos/a-black-sticker-with-gold-text-sits-near-object--L7nlpJDUo8"
"blog:what-makes-packaging-look-premium","xudcDDtjY2c","Tarah Dane","https://unsplash.com/photos/green-and-pink-cardboard-boxes-xudcDDtjY2c"
"blog:printing-turnaround-dubai","Di1e1Hnr1Us","Daulet Turubayev","https://unsplash.com/photos/a-man-wearing-red-gloves-is-working-on-a-machine-Di1e1Hnr1Us"
"blog:print-ready-file-requirements","g-pKprPg5yw","Tran Mau Tri Tam ✪","https://unsplash.com/photos/silver-imac-on-white-table-g-pKprPg5yw"
"blog:how-to-prepare-artwork-for-print","v9FQR4tbIq8","Kelly Sikkema","https://unsplash.com/photos/person-writing-on-white-paper-v9FQR4tbIq8"
"blog:restaurant-menu-printing-materials","lXLct9D-ARE","Louis Hansel","https://unsplash.com/photos/food-menu-papers-lXLct9D-ARE"
"blog:printing-checklist-new-business-dubai","QSIMj4AySMs","Marianne Krohn","https://unsplash.com/photos/a-desk-with-a-clock-notebooks-and-papers-on-it-QSIMj4AySMs"
"blog:how-to-choose-printing-company-dubai","Gla1mlyGvS0","NMG Network","https://unsplash.com/photos/person-in-black-and-white-long-sleeve-shirt-holding-white-and-blue-book-Gla1mlyGvS0"
"card:danglers","kTd2PvtqE_o","Artem Beliaikin","https://unsplash.com/photos/person-holding-red-and-white-love-print-gift-wrapper-kTd2PvtqE_o"
"card:foam-board-printing","hGLVkyNoYpQ","Frederick Medina","https://unsplash.com/photos/brown-framed-chalkboard-easel-with-baby-coming-in-july-he-or-she-text-hGLVkyNoYpQ"
"card:one-way-vision","DPYT9jOCfBE","Kevin Grieve","https://unsplash.com/photos/a-couple-of-people-that-are-standing-in-front-of-a-building-DPYT9jOCfBE"
"card:keychains","dKRNe47ror4","Erika Löwe","https://unsplash.com/photos/a-metal-heart-shaped-keychain-hanging-from-a-chain-dKRNe47ror4"
"card:directional-signage","EIfSEvGdHQk","一颯 山地","https://unsplash.com/photos/directional-signs-for-halls-and-lobby-in-airport-EIfSEvGdHQk"
"card:foam-board-signs","fCgbFxWH4ss","Nicolas Hoizey","https://unsplash.com/photos/a-blue-sign-that-says-smrcclew-on-it-fCgbFxWH4ss"
"card:brand-manuals","V9zInThgKa4","Brands&People","https://unsplash.com/photos/white-and-black-box-on-white-table-V9zInThgKa4"
"card:car-stickers","sB-HbsQkc8A","Anton Tseiko","https://unsplash.com/photos/rear-of-a-grey-car-with-a-humorous-bumper-sticker-sB-HbsQkc8A"
"card:doctor-cap-and-coat","RlIppR1I3E8","Sasun Bughdaryan","https://unsplash.com/photos/doctor-in-white-coat-with-stethoscope-RlIppR1I3E8"
"card:doctor-uniform-medical-scrubs","vkqr2zpOPhQ","Nappy","https://unsplash.com/photos/a-person-holding-a-stethoscope-vkqr2zpOPhQ"
"card:hoodies","RYHvzYdeoCI","Kajetan Sumila","https://unsplash.com/photos/a-row-of-colored-sweatshirts-hanging-on-a-rack-RYHvzYdeoCI"
"card:polo-shirts","itUsEU7GgDU","Lena Kudryavtseva","https://unsplash.com/photos/green-crew-neck-shirt-and-gray-crew-neck-shirt-itUsEU7GgDU"
"card:construction-boards","2rb63Q9EeXo","Fr0ggy5","https://unsplash.com/photos/a-no-trespassion-sign-on-a-chain-link-fence-2rb63Q9EeXo"
"card:floor-stickers","HPIE8xxjONs","Luna A","https://unsplash.com/photos/yellow-and-black-smiley-floor-mat-HPIE8xxjONs"
"card:mdf-cutting","HxmsNNYAZ0E","Joey Zhou","https://unsplash.com/photos/gold-quatrefoil-pattern-on-dark-HxmsNNYAZ0E"
"card:room-signage","L8iSJg97KUc","Scarbor Siu","https://unsplash.com/photos/a-door-with-a-green-sign-on-it-L8iSJg97KUc"
"card:sticker-fixing","QEQfxWsxgR8","Zon Dasein","https://unsplash.com/photos/white-and-blue-abstract-painting-QEQfxWsxgR8"
"card:sign-maintenance","NDa8XB1zckw","Nel Ranoko","https://unsplash.com/photos/person-standing-on-ladder-NDa8XB1zckw"
"p:gold-foil-business-card-printing-dubai:detail","gkpAyNvaB9w","Brett Jordan","https://unsplash.com/photos/black-and-white-floral-textile-gkpAyNvaB9w"
"p:gold-foil-business-card-printing-dubai:application","HRIL6-6lbm4","Taylor Cole","https://unsplash.com/photos/a-person-holding-a-piece-of-yellow-paper-in-their-hand-HRIL6-6lbm4"
"p:business-card-printing-dubai:detail","YREw6bUXAT8","grey wight","https://unsplash.com/photos/white-printer-paper-on-brown-wooden-surface-YREw6bUXAT8"
"p:business-card-printing-dubai:application","chyT9XPAdcg","Van Tay Media","https://unsplash.com/photos/hands-exchanging-business-card-in-office-chyT9XPAdcg"
"p:envelope-printing-dubai:detail","ehI8qokwP7s","Mediamodifier","https://unsplash.com/photos/white-printer-paper-on-brown-envelope-ehI8qokwP7s"
"p:envelope-printing-dubai:application","6FpGIdn45_A","Towfiqu barbhuiya","https://unsplash.com/photos/a-pen-sitting-on-top-of-a-piece-of-paper-6FpGIdn45_A"
"p:presentation-folder-printing-dubai:detail","qLVEuc_ECY8","Mel Poole","https://unsplash.com/photos/brown-envelope-qLVEuc_ECY8"
"p:presentation-folder-printing-dubai:application","HJckKnwCXxQ","Gabrielle Henderson","https://unsplash.com/photos/woman-signing-on-white-printer-paper-beside-woman-about-to-touch-the-documents-HJckKnwCXxQ"
"p:invoice-book-printing-dubai:detail","NRieeIvcC4k","Abhinav Arya","https://unsplash.com/photos/a-close-up-of-a-text-on-a-piece-of-paper-NRieeIvcC4k"
"p:invoice-book-printing-dubai:application","VnK5iT01HYQ","2H Media","https://unsplash.com/photos/a-wooden-table-topped-with-papers-and-a-pen-VnK5iT01HYQ"
"p:ncr-book-printing-dubai:detail","TKk29MxSjAA","Khoiru Abdan","https://unsplash.com/photos/a-person-writing-on-a-piece-of-paper-with-a-pen-TKk29MxSjAA"
"p:ncr-book-printing-dubai:application","IvEYfb-3B70","RONNAKORN TRIRAGANON","https://unsplash.com/photos/construction-workers-review-plans-at-a-job-site-IvEYfb-3B70"
"p:brochure-printing-dubai:detail","VDDNKTxGt5c","Rombo","https://unsplash.com/photos/green-and-white-box-on-black-table-VDDNKTxGt5c"
"p:brochure-printing-dubai:application","eLnrrITCy6Q","blue sky","https://unsplash.com/photos/man-signs-document-at-a-service-counter-eLnrrITCy6Q"
"p:hotel-door-hanger-printing-dubai:detail","zgmrxwfq5vI","the blowup","https://unsplash.com/photos/white-and-brown-wooden-door-zgmrxwfq5vI"
"p:hotel-door-hanger-printing-dubai:application","zCdMIlwpHj4","Point3D Commercial Imaging Ltd.","https://unsplash.com/photos/brown-wooden-door-on-white-and-black-ceramic-tiles-zCdMIlwpHj4"
"p:flyer-printing-dubai:detail","Vz78ZGZJ9kI","Jean Carlo Emer","https://unsplash.com/photos/white-newspaper-on-white-table-Vz78ZGZJ9kI"
"p:flyer-printing-dubai:application","H6xKnDKrKDk","Erika Giraud","https://unsplash.com/photos/person-holding-card-H6xKnDKrKDk"
"p:branded-pens-dubai:detail","XSmug_lPeGI","Matthew Waresak","https://unsplash.com/photos/a-close-up-of-a-metal-object-on-a-table-XSmug_lPeGI"
"p:branded-pens-dubai:application","Hb6uWq0i4MI","The Climate Reality Project","https://unsplash.com/photos/selective-focus-photography-of-people-sitting-on-chairs-while-writing-on-notebooks-Hb6uWq0i4MI"
"p:poster-printing-dubai:detail","1-kIuhE-GwQ","Yunshuo Qu","https://unsplash.com/photos/man-running-on-beach-with-giant-bottle-1-kIuhE-GwQ"
"p:poster-printing-dubai:application","C8uxMVRKuVQ","David Valentine","https://unsplash.com/photos/a-black-and-white-photo-of-a-subway-station-C8uxMVRKuVQ"
"p:tent-card-printing-dubai:detail","eoiAFDUlisQ","Mel Poole","https://unsplash.com/photos/geometric-illustration-eoiAFDUlisQ"
"p:tent-card-printing-dubai:application","PLBTlOQVHD0","Ilya Semenov","https://unsplash.com/photos/banknotes-with-the-number-zero-on-them-PLBTlOQVHD0"
"p:backlit-signage-dubai:detail","2WvwulCTk-Y","Thingsneverchange","https://unsplash.com/photos/a-picture-frame-sitting-on-the-floor-next-to-a-wall-2WvwulCTk-Y"
"p:backlit-signage-dubai:application","LwJfxRPGdZg","EJ Li","https://unsplash.com/photos/black-flat-screen-tv-turned-on-in-room-LwJfxRPGdZg"
"p:flex-banner-printing-dubai:detail","BU-veNQHzzk","Fancy Walls | Premium Wallpaper Printed On Demand","https://unsplash.com/photos/a-close-up-of-a-green-and-black-wallpaper-BU-veNQHzzk"
"p:flex-banner-printing-dubai:application","PF1zqBAdHz8","Tianlei Wu","https://unsplash.com/photos/a-man-on-a-scaffolding-machine-working-on-the-side-of-a-building-PF1zqBAdHz8"
"p:roll-up-banner-printing-dubai:detail","szPBLj5d-1s","Mike Winkler","https://unsplash.com/photos/a-black-and-white-photo-of-a-camera-and-a-charger-szPBLj5d-1s"
"p:roll-up-banner-printing-dubai:application","xOvJBvcame8","Dr.Kanapon Phumratprapin","https://unsplash.com/photos/white-and-brown-wooden-room-xOvJBvcame8"
"p:vinyl-printing-dubai:detail","melnlSFpKfI","Steve Long","https://unsplash.com/photos/a-close-up-of-a-persons-hands-on-a-table-melnlSFpKfI"
"p:vinyl-printing-dubai:application","HcWcX8nwCBU","Declan Sun","https://unsplash.com/photos/yellow-foliage-in-front-of-wall-art-HcWcX8nwCBU"
"p:x-banner-printing-dubai:detail","cKf2_lVzI1E","Jonathan Cosens Photography","https://unsplash.com/photos/close-up-of-a-vintage-camera-lens-aperture-cKf2_lVzI1E"
"p:x-banner-printing-dubai:application","CkqV9JrBPxo","DOKYUNG KIM","https://unsplash.com/photos/people-browse-bottles-of-beverages-at-an-outdoor-market-stall-CkqV9JrBPxo"
"p:3d-letter-signs-dubai:detail","BBWmO2Xt-9s","Aneta Pawlik","https://unsplash.com/photos/red-letter-a-logo-BBWmO2Xt-9s"
"p:3d-letter-signs-dubai:application","n4Uzf8nsYi0","Rémi Bertogliati","https://unsplash.com/photos/retaurant-japonis-neon-signage-n4Uzf8nsYi0"
"p:acp-sign-boards-dubai:detail","ii-oy6tuLm8","Marija Zaric","https://unsplash.com/photos/a-yellow-building-with-a-blue-sky-in-the-background-ii-oy6tuLm8"
"p:flex-sign-board-dubai:detail","caarmu3U86o","USGS","https://unsplash.com/photos/stack-of-books-on-black-table-caarmu3U86o"
"p:flex-sign-board-dubai:application","XhBTNeXYoc8","T","https://unsplash.com/photos/a-dark-industrial-structure-against-a-clear-sky-XhBTNeXYoc8"
"p:led-light-box-signage-dubai:detail","lwwM_dotpcs","Justin Lane","https://unsplash.com/photos/black-and-white-led-light-lwwM_dotpcs"
"p:led-light-box-signage-dubai:application","pMRiWr0YZ10","chris robert","https://unsplash.com/photos/a-close-up-of-a-sign-on-a-brick-building-pMRiWr0YZ10"
"p:neon-sign-boards-dubai:detail","6u9OcOOr7GY","Roy Muz","https://unsplash.com/photos/white-light-bulb-turned-on-in-dark-room-6u9OcOOr7GY"
"p:neon-sign-boards-dubai:application","8-t8kTo8CGI","Kari Bjorn Photography","https://unsplash.com/photos/a-woman-taking-a-picture-with-her-cell-phone-8-t8kTo8CGI"
"p:branded-caps-dubai:detail","nUjsTdVR6rM","Ali Yasar isgoren","https://unsplash.com/photos/white-and-red-love-print-textile-nUjsTdVR6rM"
"p:branded-caps-dubai:application","RlakZ84ex2g","Duong Nguyen","https://unsplash.com/photos/person-in-red-staff-t-shirt-RlakZ84ex2g"
"p:custom-diary-printing-dubai:detail","AdzcD2rastg","Shahrukh Shoaib","https://unsplash.com/photos/a-close-up-of-a-logo-on-a-black-surface-AdzcD2rastg"
"p:custom-diary-printing-dubai:application","pUAM5hPaCRI","JESHOOTS.COM","https://unsplash.com/photos/an-open-empty-notebook-on-a-white-desk-next-to-an-iphone-and-a-macbook-pUAM5hPaCRI"
"p:custom-mug-printing-dubai:detail","cO1zzs-6qrQ","Shuang Yin","https://unsplash.com/photos/three-colorful-mugs-with-gold-handles-on-a-windowsill-cO1zzs-6qrQ"
"p:custom-mug-printing-dubai:application","uhNfTrOEPYQ","Zest Tea","https://unsplash.com/photos/man-in-blue-denim-jacket-holding-white-ceramic-mug-uhNfTrOEPYQ"
"p:branded-usb-flash-drives-dubai:detail","NcbEsEId3F4","Agefis","https://unsplash.com/photos/brown-thumb-drive-beside-macbook-NcbEsEId3F4"
"p:branded-usb-flash-drives-dubai:application","5YFuIflyNwg","Sufyan","https://unsplash.com/photos/a-black-gift-box-with-a-red-ribbon-5YFuIflyNwg"
"p:event-backdrop-printing-dubai:detail","jN_83dkm3lQ","Franck V.","https://unsplash.com/photos/white-wooden-door-near-gray-concrete-wall-jN_83dkm3lQ"
"p:event-backdrop-printing-dubai:application","yhi8bsCX6Rg","iCanvas Booth","https://unsplash.com/photos/a-woman-holding-a-glass-of-wine-in-front-of-a-black-backdrop-yhi8bsCX6Rg"
"p:exhibition-stand-printing-dubai:detail","fML5RZKVy-I","wang binghua","https://unsplash.com/photos/a-white-and-blue-building-with-a-window-fML5RZKVy-I"
"p:exhibition-stand-printing-dubai:application","IzLatgY17Hs","Jonny Gios","https://unsplash.com/photos/a-group-of-people-standing-around-a-booth-IzLatgY17Hs"
"p:pop-up-display-dubai:detail","vQpEzAS6_bY","Oleg","https://unsplash.com/photos/aluminum-truss-sections-on-wooden-pallet-vQpEzAS6_bY"
"p:pop-up-display-dubai:application","aMNFii9MWUE","Chidera Faustina Okeke","https://unsplash.com/photos/people-signing-documents-at-a-red-table-with-flags-aMNFii9MWUE"
"p:stage-branding-dubai:detail","sOhccdI22wA","Kauê Martins Bergamasco","https://unsplash.com/photos/man-in-blue-suit-speaking-at-a-podium-with-microphone-sOhccdI22wA"
"p:stage-branding-dubai:application","6vAjp0pscX0","Alexandre Pellaes","https://unsplash.com/photos/speaker-on-stage-addressing-large-audience-6vAjp0pscX0"
"p:acrylic-signage-dubai:detail","ywikyd-_DJs","Andreas Haslinger","https://unsplash.com/photos/a-close-up-of-a-white-wall-with-a-black-frame-ywikyd-_DJs"
"p:acrylic-signage-dubai:application","Vl9de5jX1H4","Yunshuo Qu","https://unsplash.com/photos/modern-elevator-lobby-with-floor-directory-signage-Vl9de5jX1H4"
"p:office-name-boards-dubai:detail","XipU5pBNN0Y","Donald Teel","https://unsplash.com/photos/private-residence-sign-on-wooden-door-XipU5pBNN0Y"
"p:office-name-boards-dubai:application","5shl-NRhPyc","Petr","https://unsplash.com/photos/white-hallway-with-glass-windows-5shl-NRhPyc"
"p:reception-signage-dubai:detail","O4vJWo4c5Vc","Scott Evans","https://unsplash.com/photos/grayscale-photo-of-love-letter-O4vJWo4c5Vc"
"p:reception-signage-dubai:application","bdeLBIPYUrE","Irshad Pathan","https://unsplash.com/photos/modern-office-with-desk-chairs-and-computer-bdeLBIPYUrE"
"p:wall-graphics-dubai:detail","HU-xiyQ-4Oo","Nick Fewings","https://unsplash.com/photos/happy-birthday-text-on-black-background-HU-xiyQ-4Oo"
"p:wall-graphics-dubai:application","Mgm6aq1UYpI","Musemind UX Agency","https://unsplash.com/photos/a-large-open-office-space-with-many-desks-and-chairs-Mgm6aq1UYpI"
"p:company-profile-printing-dubai:detail","fpxUB3PPbEg","Aaina Sharma","https://unsplash.com/photos/white-book-page-with-yellow-cover-fpxUB3PPbEg"
"p:company-profile-printing-dubai:application","KdeqA3aTnBY","Dylan Gillis","https://unsplash.com/photos/people-sitting-on-chair-in-front-of-table-while-holding-pens-during-daytime-KdeqA3aTnBY"
"p:corporate-identity-printing-dubai:detail","Rn650-f8CTU","Heyphotoshoot","https://unsplash.com/photos/text-Rn650-f8CTU"
"p:office-branding-dubai:detail","zTifOu0tAbc","Shaun He","https://unsplash.com/photos/black-flat-screen-tv-on-black-wooden-tv-rack-zTifOu0tAbc"
"p:office-branding-dubai:application","Sc_OS4w5zCA","Musemind UX Agency","https://unsplash.com/photos/an-office-with-a-bike-mounted-to-the-wall-Sc_OS4w5zCA"
"p:fleet-branding-dubai:detail","tFHVzFlwEUc","Ilya Chunin","https://unsplash.com/photos/a-close-up-of-the-numbers-on-a-yellow-vehicle-tFHVzFlwEUc"
"p:fleet-branding-dubai:application","-DpZPdrXu8U","Big Dodzy","https://unsplash.com/photos/a-white-van-driving-down-a-street-next-to-tall-buildings--DpZPdrXu8U"
"p:vehicle-wrapping-dubai:detail","GqOMtZY_zdE","MARIOLA GROBELSKA","https://unsplash.com/photos/a-blurry-photo-of-a-banana-on-a-table-GqOMtZY_zdE"
"p:vehicle-wrapping-dubai:application","B8G6SuYi0Os","Wiseman Mabasa","https://unsplash.com/photos/blue-truck-towing-a-large-white-shoe-on-a-trailer-B8G6SuYi0Os"
"p:partial-vehicle-wrapping-dubai:application","DnEco7eg1Uc","fr0ggy5","https://unsplash.com/photos/a-blue-truck-parked-in-front-of-a-pink-building-DnEco7eg1Uc"
"p:reflective-sticker-printing-dubai:detail","HmpZi4B0Zd8","ThePhotoGraphy .","https://unsplash.com/photos/iridescent-abstract-pattern-with-vibrant-colors-HmpZi4B0Zd8"
"p:reflective-sticker-printing-dubai:application","nI7pYw0Z9Oo","Francesco Vantini","https://unsplash.com/photos/a-close-up-of-the-side-of-a-purple-car-nI7pYw0Z9Oo"
"p:barcode-label-printing-dubai:detail","g5vkrp5N6S8","OMAR SABRA","https://unsplash.com/photos/a-close-up-of-a-computer-memory-chip-g5vkrp5N6S8"
"p:barcode-label-printing-dubai:application","vzdFzNNgt1k","Sikai Gu","https://unsplash.com/photos/woman-walking-at-the-hallway-vzdFzNNgt1k"
"p:die-cut-sticker-printing-dubai:detail","WjmCxKDQEc4","Axville","https://unsplash.com/photos/white-and-red-plastic-toy-WjmCxKDQEc4"
"p:die-cut-sticker-printing-dubai:application","btptQ5aVY1M","Chrissy","https://unsplash.com/photos/black-and-purple-bottle-on-white-and-blue-textile-btptQ5aVY1M"
"p:magnetic-stickers-dubai:detail","B3hyJu-BOrk","Bosco Yun","https://unsplash.com/photos/a-close-up-of-a-black-surface-with-a-blurry-background-B3hyJu-BOrk"
"p:magnetic-stickers-dubai:application","z8Y8UyzMruk","Kristyna Squared.one","https://unsplash.com/photos/a-refrigerator-with-pictures-of-fruits-and-vegetables-on-it-z8Y8UyzMruk"
"p:product-label-printing-dubai:detail","F1IdldMe1wI","Andrzej Gdula","https://unsplash.com/photos/text-F1IdldMe1wI"
"p:product-label-printing-dubai:application","nz-bNK2F8TY","Trew","https://unsplash.com/photos/a-person-using-a-tool-nz-bNK2F8TY"
"p:transparent-sticker-printing-dubai:detail","yqq9o1CWUNE","Sticker it","https://unsplash.com/photos/a-drawing-on-a-table-yqq9o1CWUNE"
"p:transparent-sticker-printing-dubai:application","1EkBQ-HdCtI","Phil Hearing","https://unsplash.com/photos/store-hours-written-on-a-glass-door-1EkBQ-HdCtI"
"p:vinyl-sticker-printing-dubai:detail","_bINGE3mzK8","Tool., Inc","https://unsplash.com/photos/man-in-black-jacket-playing-white-and-blue-game-board-_bINGE3mzK8"
"p:vinyl-sticker-printing-dubai:application","6DVuZwqRpks","Haberdoedas","https://unsplash.com/photos/the-image-shows-the-entrance-to-cafe-16-6DVuZwqRpks"
"p:safety-vest-printing-dubai:detail","jNxYj6sFEoE","Heri Susilo","https://unsplash.com/photos/a-man-in-an-orange-vest-and-a-blue-helmet-jNxYj6sFEoE"
"p:safety-vest-printing-dubai:application","zyYEWx4mNPo","RONNAKORN TRIRAGANON","https://unsplash.com/photos/construction-workers-review-plans-on-site-zyYEWx4mNPo"
"p:t-shirt-printing-dubai:detail","0rUc4_00L-A","Isabela Kronemberger","https://unsplash.com/photos/white-green-and-teal-floral-textile-0rUc4_00L-A"
"p:t-shirt-printing-dubai:application","BVvc_KfmzHg","Cecep Rahmat","https://unsplash.com/photos/a-group-of-women-in-pink-shirts-running-in-a-race-BVvc_KfmzHg"
"p:uniform-printing-dubai:detail","9ugEeqflo70","Masaaki Komori","https://unsplash.com/photos/white-hotel-printed-crew-neck-shirt-on-black-surface-9ugEeqflo70"
"p:uniform-printing-dubai:application","Mon_ONnqUbA","Vitaly Gariev","https://unsplash.com/photos/three-smiling-bartenders-standing-behind-a-bar-Mon_ONnqUbA"
"p:custom-box-printing-dubai:detail","OtyQnE77s90","Jason Leung","https://unsplash.com/photos/black-and-brown-round-metal-OtyQnE77s90"
"p:custom-box-printing-dubai:application","6p72iURpK4c","BATCH by Wisconsin Hemp Scientific","https://unsplash.com/photos/white-and-brown-labeled-soft-tubes-in-box-6p72iURpK4c"
"p:kraft-bag-printing-dubai:detail","kYtQTbnNio8","Second Breakfast","https://unsplash.com/photos/a-close-up-of-a-persons-shadow-on-a-wall-kYtQTbnNio8"
"p:kraft-bag-printing-dubai:application","Oyf1-w0lxbE","Toa Heftiba","https://unsplash.com/photos/man-and-woman-talking-in-front-of-gray-tabletop-inside-shop-Oyf1-w0lxbE"
"p:product-tags-and-labels-printing-dubai:detail","B9N22h2s0to","Brett Jordan","https://unsplash.com/photos/gray-tag-B9N22h2s0to"
"p:product-tags-and-labels-printing-dubai:application","4cDjb_aoh1g","Natalia Arkusha","https://unsplash.com/photos/a-present-wrapped-in-brown-paper-and-tied-with-twine-4cDjb_aoh1g"
"p:paper-bag-printing-dubai:detail","wQ9VuP_Njr4","Lucrezia Carnelos","https://unsplash.com/photos/blue-and-brown-tote-bag-wQ9VuP_Njr4"
"p:paper-bag-printing-dubai:application","qSBbM4tz-mA","Vitaly Gariev","https://unsplash.com/photos/two-smiling-women-holding-shopping-bags-in-a-mall-qSBbM4tz-mA"
"p:product-packaging-printing-dubai:detail","7YZuTR-C7yw","Roberto Sorin","https://unsplash.com/photos/white-and-black-marble-surface-7YZuTR-C7yw"
"p:product-packaging-printing-dubai:application","9n4BNXbO3FI","jason hu","https://unsplash.com/photos/rows-of-small-glass-bottles-with-colorful-liquids-9n4BNXbO3FI"
"p:reflective-signage-dubai:detail","Uu5fnOkFAdA","Mark König","https://unsplash.com/photos/red-and-white-no-smoking-sign-Uu5fnOkFAdA"
"p:reflective-signage-dubai:application","u4QnZJB4sT0","Nick Fewings","https://unsplash.com/photos/a-close-up-of-a-yellow-and-black-arrow-sign-u4QnZJB4sT0"
"p:safety-signs-dubai:detail","SKrgZQgYy2g","Andrew Teoh","https://unsplash.com/photos/white-and-green-exit-sign-SKrgZQgYy2g"
"p:safety-signs-dubai:application","GCmVg5lztwI","Jakub Żerdzicki","https://unsplash.com/photos/a-red-fire-extinguisher-hanging-on-a-wall-GCmVg5lztwI"
"p:warning-labels-dubai:detail","F_yOvTzX8b4","Waldemar Brandt","https://unsplash.com/photos/brown-hazard-signage-F_yOvTzX8b4"
"p:warning-labels-dubai:application","xJjE8OpJ8Lg","Aleksei Shabalin","https://unsplash.com/photos/a-blue-pipe-with-a-yellow-sticker-on-it-xJjE8OpJ8Lg"
"p:acrylic-letter-cutting-dubai:detail","zw07kVDaHPw","Alexander Andrews","https://unsplash.com/photos/a-decorative-lettering-zw07kVDaHPw"
"p:acrylic-letter-cutting-dubai:application","hz7Lo53WY9U","Or Hakim","https://unsplash.com/photos/text-hz7Lo53WY9U"
"p:metal-engraving-dubai:detail","4CvXjk3WpsI","Ayanda Kunene","https://unsplash.com/photos/a-close-up-of-a-metal-table-with-writing-on-it-4CvXjk3WpsI"
"p:metal-engraving-dubai:application","fLN-z45i_I0","Marjan Blan","https://unsplash.com/photos/brown-metal-signage-plate-on-wall-fLN-z45i_I0"
"p:plaques-and-trophies-dubai:detail","48clKa0dT-w","Brecht Corbeel","https://unsplash.com/photos/abstract-clear-and-light-blue-geometric-shapes-on-white-background-48clKa0dT-w"
"p:plaques-and-trophies-dubai:application","1M5TbuRlG6A","Bruno Ngarukiye","https://unsplash.com/photos/three-wooden-awards-on-a-table-1M5TbuRlG6A"
"p:wood-engraving-dubai:detail","XaQ-aaMJKgc","Andy Holmes","https://unsplash.com/photos/brown-wooden-round-ornament-on-brown-wooden-table-XaQ-aaMJKgc"
"p:wood-engraving-dubai:application","zbmm4vjQZoU","Panos Katsigiannis","https://unsplash.com/photos/a-wooden-tray-with-a-ball-on-top-of-it-zbmm4vjQZoU"
"p:counter-display-printing-dubai:detail","7Z1pgI77BoE","Roberto Sorin","https://unsplash.com/photos/a-close-up-of-a-stack-of-metal-bars-7Z1pgI77BoE"
"p:counter-display-printing-dubai:application","fn742i_NKWE","Declan Sun","https://unsplash.com/photos/modern-glass-shelf-mounted-on-a-light-blue-wall-fn742i_NKWE"
"p:end-cap-display-printing-dubai:detail","VE9DQ7zm22Y","Mick Haupt","https://unsplash.com/photos/empty-grocery-store-shelves-VE9DQ7zm22Y"
"p:end-cap-display-printing-dubai:application","4z0-2mQE7io","Martijn Baudoin","https://unsplash.com/photos/woman-in-brown-coat-walking-on-hallway-4z0-2mQE7io"
"p:shelf-talkers-dubai:detail","2d9lG8nWyeM","John Cameron","https://unsplash.com/photos/white-and-black-labeled-box-2d9lG8nWyeM"
"p:shelf-talkers-dubai:application","w8X2pbw4O2g","Mishaal Zahed (Meschael Zahède)","https://unsplash.com/photos/blue-and-white-labeled-plastic-bottle-in-store-w8X2pbw4O2g"
"p:standee-printing-dubai:detail","1dvltJbg9CM","Blake Carpenter","https://unsplash.com/photos/brown-wooden-stick-leaning-on-green-wall-1dvltJbg9CM"
"p:standee-printing-dubai:application","8z6fB6-RyF8","Tsuyoshi Kozu","https://unsplash.com/photos/two-cartoon-raccoons-on-a-signpost-with-a-mountain-backdrop-8z6fB6-RyF8"
"p:wobbler-printing-dubai:detail","J7UzOW6rzyk","D koi","https://unsplash.com/photos/a-close-up-of-a-wire-J7UzOW6rzyk"
"p:wobbler-printing-dubai:application","byGTytEGjBo","National Cancer Institute","https://unsplash.com/photos/pharmacist-reaching-for-medication-on-shelf-byGTytEGjBo"
"p:floor-graphics-dubai:detail","HPnvYHHY534","Pawan Kawan","https://unsplash.com/photos/blue-and-white-round-i-am-a-good-man-HPnvYHHY534"
"p:floor-graphics-dubai:application","5R0DpijfSTw","Nik","https://unsplash.com/photos/yellow-and-green-sign-on-floor-of-car-park-5R0DpijfSTw"
"p:frosted-glass-film-dubai:detail","ozvM1a-1HLo","Declan Sun","https://unsplash.com/photos/a-close-up-of-a-glass-door-with-a-blurry-background-ozvM1a-1HLo"
"p:frosted-glass-film-dubai:application","E8BU1IOE7tY","Turquo Cabbit","https://unsplash.com/photos/dark-double-doors-with-frosted-glass-panels-E8BU1IOE7tY"
"p:glass-sticker-printing-dubai:detail","WHxUrZt0I88","the blowup","https://unsplash.com/photos/text-WHxUrZt0I88"
"p:glass-sticker-printing-dubai:application","l9ig6J4yM94","Jason Mitrione","https://unsplash.com/photos/brown-and-white-store-front-l9ig6J4yM94"
"p:wall-mural-printing-dubai:detail","cY7FReGjSgQ","Tim Mossholder","https://unsplash.com/photos/a-mural-painted-on-the-side-of-a-building-cY7FReGjSgQ"
"p:wall-mural-printing-dubai:application","ooldIM8S1eo","Franco Debartolo","https://unsplash.com/photos/a-cozy-bedroom-with-swan-patterned-wallpaper-and-a-plush-bed-ooldIM8S1eo"
"p:wayfinding-signage-dubai:detail","X2bcQMMhaow","Robert Ruggiero","https://unsplash.com/photos/yellow-road-signage-at-daytime-X2bcQMMhaow"
"p:wayfinding-signage-dubai:application","n4k8q7mUTPI","Alex Oviedo","https://unsplash.com/photos/green-wall-with-level-1-garage-b-sign-n4k8q7mUTPI"
"p:construction-site-signage-dubai:detail","TJ9rBJAAguQ","Edwin Hooper","https://unsplash.com/photos/red-and-white-stop-road-sign-TJ9rBJAAguQ"
"p:construction-site-signage-dubai:application","tq3ay5TKqzE","Troy Mortier","https://unsplash.com/photos/yellow-and-black-heavy-equipment-on-brown-dirt-field-during-daytime-tq3ay5TKqzE"
"p:hoarding-graphics-dubai:detail","qWqnXpag69I","Chris Weiher","https://unsplash.com/photos/entrance-sign-is-visible-on-a-black-chain-link-fence-qWqnXpag69I"
"p:hoarding-graphics-dubai:application","bAGo7O4prtY","Bermix Studio","https://unsplash.com/photos/a-man-working-on-a-wall-with-a-screwdriver-bAGo7O4prtY"
"p:project-sign-boards-dubai:detail","Dnkr_lmdKi8","Kate Trysh","https://unsplash.com/photos/rectangular-blank-billboard-Dnkr_lmdKi8"
"p:project-sign-boards-dubai:application","74tW4FXP4Hw","Mika Baumeister","https://unsplash.com/photos/group-of-men-in-orange-suit-standing-near-building-during-daytime-74tW4FXP4Hw"
"p:construction-safety-boards-dubai:detail","_MiAPE1oqBk","Tyler Mower","https://unsplash.com/photos/warning-sign-urges-caution-to-avoid-accidents-_MiAPE1oqBk"
"p:construction-safety-boards-dubai:application","7TR0TGS7zqg","Mufid Majnun","https://unsplash.com/photos/man-in-orange-vest-wearing-yellow-hard-hat-7TR0TGS7zqg"
"p:canvas-printing-dubai:detail","KDW8GG_YJTw","Karen Bullaro","https://unsplash.com/photos/a-close-up-of-a-white-canvas-on-a-wooden-surface-KDW8GG_YJTw"
"p:canvas-printing-dubai:application","n9eyMp35oMU","Yucel M","https://unsplash.com/photos/aerial-view-of-city-buildings-during-daytime-n9eyMp35oMU"
"p:interior-panel-printing-dubai:detail","NAKQe4ny0zs","Pierre Bamin","https://unsplash.com/photos/a-close-up-of-a-sheet-of-paper-on-a-table-NAKQe4ny0zs"
"p:interior-panel-printing-dubai:application","hoIkcgbU2R8","Marsumilae","https://unsplash.com/photos/white-wooden-3-layer-shelf-hoIkcgbU2R8"
"p:wallpaper-printing-dubai:detail","ZaJprCvDjVA","Paul Green","https://unsplash.com/photos/brown-and-white-flower-art-ZaJprCvDjVA"
"p:wallpaper-printing-dubai:application","vG-HDgrepRg","Zoshua Colah","https://unsplash.com/photos/a-dining-room-with-a-lot-of-tables-and-chairs-vG-HDgrepRg"
"p:window-display-graphics-dubai:detail","xRv3xExGEzk","Cherry T","https://unsplash.com/photos/a-traffic-light-sitting-on-the-side-of-a-building-xRv3xExGEzk"
"p:window-display-graphics-dubai:application","qGlYIDIYE_o","Eric Prouzet","https://unsplash.com/photos/a-window-display-of-mannequins-in-a-store-qGlYIDIYE_o"
"p:certificate-printing-dubai:detail","m7bPi7W3b4k","Kristina Tochilko","https://unsplash.com/photos/white-fabric-with-raised-floral-pattern-m7bPi7W3b4k"
"p:certificate-printing-dubai:application","cwVb-V0e9aE","Galuh hari setiawan","https://unsplash.com/photos/a-woman-in-a-graduation-gown-holding-a-book-cwVb-V0e9aE"
"p:exam-paper-printing-dubai:detail","eELCRf8nwsI","iMattSmart","https://unsplash.com/photos/text-eELCRf8nwsI"
"p:exam-paper-printing-dubai:application","v3P_spLsOH0","Vishnu Mehra","https://unsplash.com/photos/students-attending-a-lecture-in-a-modern-classroom-v3P_spLsOH0"
"p:id-card-printing-dubai:detail","0gICDd3mAp4","Claire Abdo","https://unsplash.com/photos/a-hand-holding-a-white-business-card-against-a-purple-background-0gICDd3mAp4"
"p:id-card-printing-dubai:application","StJ20FJTN8Q","Sasun Bughdaryan","https://unsplash.com/photos/woman-in-blue-shirt-holding-blank-white-id-badge-StJ20FJTN8Q"
"p:report-card-printing-dubai:detail","FcqdZJxbpuk","Mohamed Marey","https://unsplash.com/photos/a-person-writing-on-a-piece-of-paper-with-a-pencil-FcqdZJxbpuk"
"p:report-card-printing-dubai:application","7fF0iei80AQ","Adam Winger","https://unsplash.com/photos/woman-and-child-reading-in-library-7fF0iei80AQ"
"p:training-manual-printing-dubai:detail","iIuNkYfK92I","Brett Jordan","https://unsplash.com/photos/a-close-up-of-a-stack-of-books-iIuNkYfK92I"
"p:training-manual-printing-dubai:application","TCZ12fCpFVw","Vitaly Gariev","https://unsplash.com/photos/man-presenting-to-colleagues-in-a-modern-office-meeting-room-TCZ12fCpFVw"
"p:restaurant-menu-printing-dubai:detail","9EGrhN04s08","Brett Jordan","https://unsplash.com/photos/text-9EGrhN04s08"
"p:restaurant-menu-printing-dubai:application","deEt6Xfk78M","SpotOn","https://unsplash.com/photos/waiter-taking-order-from-couple-in-restaurant-deEt6Xfk78M"
"p:printed-table-mats-dubai:detail","EcuonJly8nE","The 77 Human Needs System","https://unsplash.com/photos/a-stack-of-multicolored-paper-on-a-black-background-EcuonJly8nE"
"p:printed-table-mats-dubai:application","8YBHgP0WrEo","Pixzolo Photography","https://unsplash.com/photos/fries-and-ketchup-8YBHgP0WrEo"
"p:hospital-signage-dubai:detail","sv4t9zo-W3k","Jakub Żerdzicki","https://unsplash.com/photos/a-door-with-a-number-one-on-it-sv4t9zo-W3k"
"p:hospital-signage-dubai:application","Wn77gCRoegs","Cory Mogk","https://unsplash.com/photos/white-and-red-exit-sign-Wn77gCRoegs"
"p:medical-form-printing-dubai:detail","Hm4zYX-BDxk","Mika Baumeister","https://unsplash.com/photos/a-person-holding-a-pen-over-a-piece-of-paper-Hm4zYX-BDxk"
"p:medical-form-printing-dubai:application","tl447mekwuQ","National Cancer Institute","https://unsplash.com/photos/doctor-talking-to-patient-in-clinic-tl447mekwuQ"
"p:patient-information-boards-dubai:detail","fSWQPBxqClg","Melanie Deziel","https://unsplash.com/photos/hand-writing-on-white-board-fSWQPBxqClg"
"p:patient-information-boards-dubai:application","WjT1QCTy3sM","Học Viện Chăm Sóc Sắc Đẹp Á Âu","https://unsplash.com/photos/a-woman-standing-in-front-of-a-white-board-WjT1QCTy3sM"
"p:prescription-pad-printing-dubai:detail","fsejsqFKRTs","Brando Makes Branding","https://unsplash.com/photos/pad-of-white-paper-fsejsqFKRTs"
"p:prescription-pad-printing-dubai:application","8WYkI3cEZm8","Vitaly Gariev","https://unsplash.com/photos/doctor-writing-on-a-patients-chart-8WYkI3cEZm8"
"p:facility-signage-dubai:detail","s0ikeJgiJpc","iridial","https://unsplash.com/photos/a-weathered-house-number-4-on-a-textured-wall-s0ikeJgiJpc"
"p:facility-signage-dubai:application","OABUPa4tbi8","Bunly Hort","https://unsplash.com/photos/a-sign-on-a-wall-OABUPa4tbi8"
"p:mandatory-safety-signage-dubai:detail","3K68Jv3XZMo","Vladislav Bychkov","https://unsplash.com/photos/red-and-white-cardboard-box-3K68Jv3XZMo"
"p:mandatory-safety-signage-dubai:application","ZlOlRnWk8zU","Centre for Ageing Better","https://unsplash.com/photos/women-walking-through-warehouse-aisle-ZlOlRnWk8zU"
"p:regulatory-stickers-dubai:detail","aqY-w6XLsFw","Jay","https://unsplash.com/photos/sealed-bottle-cap-with-protection-seal-aqY-w6XLsFw"
"p:regulatory-stickers-dubai:application","gP_PzzGHV_E","Kitty Hutchinson","https://unsplash.com/photos/a-no-smoking-sign-on-a-glass-door-gP_PzzGHV_E"
"p:paper-sticker-printing-dubai:detail","0uqRaAFLEJY","Brett Jordan","https://unsplash.com/photos/a-close-up-of-a-red-and-white-sign-0uqRaAFLEJY"
"p:paper-sticker-printing-dubai:application","4GO7Rasv95s","T","https://unsplash.com/photos/assortment-of-colorful-macarons-in-a-gift-box-4GO7Rasv95s"
"p:pvc-sticker-printing-dubai:detail","UZFymYe5fjs","Mockup Free","https://unsplash.com/photos/a-close-up-of-a-bottle-on-a-wet-surface-UZFymYe5fjs"
"p:pvc-sticker-printing-dubai:application","FoG7PKNYjpM","Nareeta Martin","https://unsplash.com/photos/red-yellow-and-green-trash-bins-FoG7PKNYjpM"
"p:on-site-branding-dubai:detail","K1PtYh-0-rc","Irvin Aloise","https://unsplash.com/photos/woman-looking-at-artwork-in-a-modern-gallery-K1PtYh-0-rc"
"p:on-site-branding-dubai:application","RC9ZK4J-Zk8","Salene Bardeau","https://unsplash.com/photos/birthday-party-decor-features-balloons-and-backdrop-RC9ZK4J-Zk8"
"p:sign-board-installation-dubai:detail","d6LzDABxP6I","Franck V.","https://unsplash.com/photos/man-and-woman-comfort-room-d6LzDABxP6I"
"p:sign-board-installation-dubai:application","su7JDgWG8II","Emanuel Haas","https://unsplash.com/photos/a-store-front-at-night-lit-up-by-street-lights-su7JDgWG8II"
"p:vehicle-branding-installation-dubai:detail","B0ggvH-l2HE","Tom Claes","https://unsplash.com/photos/a-man-holding-a-blue-hair-dryer-on-top-of-a-table-B0ggvH-l2HE"
"p:vehicle-branding-installation-dubai:application","JRZLtnLGSQU","lucas clarysse","https://unsplash.com/photos/a-black-van-parked-in-front-of-a-brick-building-JRZLtnLGSQU"
"p:artwork-correction-for-printing-dubai:detail","TOO1RFQEnQk","CURVD®","https://unsplash.com/photos/a-tablet-and-a-cup-of-coffee-on-a-table-TOO1RFQEnQk"
"p:graphic-design-services-dubai:detail","i1VQZsU86ok","Eftakher Alam","https://unsplash.com/photos/grey-flat-screen-computer-monitor-i1VQZsU86ok"
"p:graphic-design-services-dubai:application","8u2nIpsVLlA","Product School","https://unsplash.com/photos/three-women-taking-self-portrait-8u2nIpsVLlA"
"p:logo-design-dubai:detail","Dx1b5ucschA","Kelly Sikkema","https://unsplash.com/photos/person-drawing-on-tablet-at-workspace-Dx1b5ucschA"
"p:logo-design-dubai:application","8bvlWmX4qOs","Brando Makes Branding","https://unsplash.com/photos/blue-text-on-white-paper-8bvlWmX4qOs"
"p:signage-replacement-dubai:detail","LGQFvBQkuNk","Jennifer Grismer","https://unsplash.com/photos/a-no-parking-sign-on-the-side-of-a-blue-box-LGQFvBQkuNk"
"p:signage-replacement-dubai:application","eiwqefChddQ","Yuriy Vertikov","https://unsplash.com/photos/shirtless-man-on-ladder-painting-a-wall-with-cyrillic-letters-eiwqefChddQ"
"p:print-ready-file-setup-dubai:detail","AwhkKMdTVNA","jason hu","https://unsplash.com/photos/gridded-sheets-of-paper-with-chinese-characters-and-red-stamps-AwhkKMdTVNA"
"p:print-ready-file-setup-dubai:application","7KKy7-TeeVs","Mildlee","https://unsplash.com/photos/brown-cardboard-box-on-white-table-7KKy7-TeeVs"
"p:rebranding-services-dubai:detail","UHqfUTDmdC4","Jess Bailey","https://unsplash.com/photos/note-paper-blue-pen-and-eyeglasses-on-white-surface-beside-keyboard-UHqfUTDmdC4"
"p:rebranding-services-dubai:application","HfYk04kY0ZQ","Pascal Meier","https://unsplash.com/photos/white-and-brown-rv-trailer-HfYk04kY0ZQ"
"p:sticker-removal-dubai:detail","SMzLA15pdzc","David Glessner | Photographer & Director","https://unsplash.com/photos/a-man-polishing-the-hood-of-a-red-car-SMzLA15pdzc"
"p:sticker-removal-dubai:application","x2SdB_gN6wo","Maria Lupan","https://unsplash.com/photos/a-store-front-with-a-window-that-has-a-reflection-of-a-car-in-the-window-x2SdB_gN6wo"
"p:letterhead-printing-dubai:detail","4Rt3UmitYUA","Jennifer Martin","https://unsplash.com/photos/a-close-up-of-a-book-on-a-table-4Rt3UmitYUA"
"p:letterhead-printing-dubai:application","q4-N9h6vx8w","Centre for Ageing Better","https://unsplash.com/photos/a-person-holding-a-tablet-q4-N9h6vx8w"
"p:catalogue-printing-dubai:detail","jUnTd0qYy8E","Robert Koorenny","https://unsplash.com/photos/blue-and-white-book-cover-jUnTd0qYy8E"
"p:catalogue-printing-dubai:application","pQsNnR-U6zU","Paul White","https://unsplash.com/photos/man-in-black-suit-jacket-holding-white-printer-paper-pQsNnR-U6zU"
"p:invitation-printing-dubai:detail","G-vD2Cm5_CY","Bret Lama","https://unsplash.com/photos/a-close-up-of-some-type-of-metal-type-G-vD2Cm5_CY"
"p:invitation-printing-dubai:application","UR_SbilElPs","Lisandro Garcia","https://unsplash.com/photos/text-UR_SbilElPs"
"p:banner-printing-dubai:application","p_Q4pUuip6U","John Cardamone","https://unsplash.com/photos/danger-construction-area-keep-out-sign-p_Q4pUuip6U"
"p:office-signage-dubai:detail","w8WIK6TuQFc","2H Media","https://unsplash.com/photos/a-close-up-of-a-window-with-a-sign-on-it-w8WIK6TuQFc"
"p:office-signage-dubai:application","Z4BTpfQx_q4","LinkedIn Sales Solutions","https://unsplash.com/photos/woman-in-black-leather-jacket-using-macbook-air-Z4BTpfQx_q4"
"p:shop-signage-dubai:detail","iPH11Q8Uhq8","Jean-Luc Picard","https://unsplash.com/photos/a-store-front-with-a-painting-of-trees-on-it-iPH11Q8Uhq8"
"p:shop-signage-dubai:application","qDdItWiaKBc","T","https://unsplash.com/photos/gadgets-repair-sign-with-buy-and-sell-options-qDdItWiaKBc"
"p:prescription-pad-printing-dubai:hero","Pk-KuizxQv8","Tasha Kostyuk","https://unsplash.com/photos/empty-hospital-corridor-with-benches-and-doors-Pk-KuizxQv8"
"p:pvc-sticker-printing-dubai:hero","sVouPQ4YGJI","Jaime Nugent","https://unsplash.com/photos/a-bunch-of-scissors-and-other-objects-sVouPQ4YGJI"
"p:catalogue-printing-dubai:hero","Ue7ttHJXf2o","Mockup Free","https://unsplash.com/photos/a-folded-brochure-with-a-black-and-white-photo-Ue7ttHJXf2o"
"p:acp-sign-boards-dubai:application","5Wp-np9UUjw","Eli Nir","https://unsplash.com/photos/neon-sign-for-plant-warehouse-at-night-5Wp-np9UUjw"
"p:corporate-identity-printing-dubai:application","BfaZCp_lB8g","Testeur de CBD","https://unsplash.com/photos/a-paper-with-a-pen-and-a-clipboard-next-to-it-BfaZCp_lB8g"
"p:partial-vehicle-wrapping-dubai:detail","3vlGNkDep4E","Markus Winkler","https://unsplash.com/photos/white-vans-parked-in-mossingen-3vlGNkDep4E"
"p:artwork-correction-for-printing-dubai:application","pHPzdEHN6Os","Faizur Rehman","https://unsplash.com/photos/man-in-black-shirt-sitting-in-front-of-computer-pHPzdEHN6Os"
"p:banner-printing-dubai:detail","_9dSF0Hwitw","Pawel Czerwinski","https://unsplash.com/photos/turned-off-signage-_9dSF0Hwitw"
