Old URL,New URL,Status
https://flashprintsolution.com/printing-company-in-dubai/,https://flashprintsolution.com/about/,301
https://flashprintsolution.com/printing-shop-in-dubai/,https://flashprintsolution.com/contact/,301
https://flashprintsolution.com/printing-press-in-dubai/,https://flashprintsolution.com/printing-services-dubai/,301
https://flashprintsolution.com/signage-solutions-dubai/,https://flashprintsolution.com/signage-dubai/,301
https://flashprintsolution.com/promotional-printing-dubai/,https://flashprintsolution.com/marketing-promotional-printing-dubai/,301
https://flashprintsolution.com/cart/,https://flashprintsolution.com/contact/,301
https://flashprintsolution.com/checkout/,https://flashprintsolution.com/contact/,301
https://flashprintsolution.com/my-account/,https://flashprintsolution.com/contact/,301
https://flashprintsolution.com/shop/,https://flashprintsolution.com/printing-products-dubai/,301
https://flashprintsolution.com/product/business-cards-basic-printing-dubai/,https://flashprintsolution.com/business-card-printing-dubai/,301
https://flashprintsolution.com/product/business-cards-and-gold-foil-printing-dubai/,https://flashprintsolution.com/gold-foil-business-card-printing-dubai/,301
https://flashprintsolution.com/product/letterheads-three-in-one-printing-dubai/,https://flashprintsolution.com/letterhead-printing-dubai/,301
https://flashprintsolution.com/product/envelopes-printing-dubai/,https://flashprintsolution.com/envelope-printing-dubai/,301
https://flashprintsolution.com/product/invoice-receipt-books-header-printing-dubai/,https://flashprintsolution.com/invoice-book-printing-dubai/,301
https://flashprintsolution.com/product/ncr-carbonless-forms-printing-dubai/,https://flashprintsolution.com/ncr-book-printing-dubai/,301
https://flashprintsolution.com/product/files-folders-printing-dubai/,https://flashprintsolution.com/presentation-folder-printing-dubai/,301
https://flashprintsolution.com/product/flyers-leaflets-printing-dubai/,https://flashprintsolution.com/flyer-printing-dubai/,301
https://flashprintsolution.com/product/brochures-printing-dubai/,https://flashprintsolution.com/brochure-printing-dubai/,301
https://flashprintsolution.com/product/posters-printing-dubai/,https://flashprintsolution.com/poster-printing-dubai/,301
https://flashprintsolution.com/product/danglers-printing-dubai/,https://flashprintsolution.com/marketing-promotional-printing-dubai/#danglers,301
https://flashprintsolution.com/product/tent-cards-printing-dubai/,https://flashprintsolution.com/tent-card-printing-dubai/,301
https://flashprintsolution.com/product/door-hangers-printing-dubai/,https://flashprintsolution.com/hotel-door-hanger-printing-dubai/,301
https://flashprintsolution.com/product/stickers-printing-dubai/,https://flashprintsolution.com/sticker-label-printing-dubai/,301
https://flashprintsolution.com/product/roll-up-banners-printing-dubai/,https://flashprintsolution.com/roll-up-banner-printing-dubai/,301
https://flashprintsolution.com/product/x-banners-printing-dubai/,https://flashprintsolution.com/x-banner-printing-dubai/,301
https://flashprintsolution.com/product/flex-banners-printing-dubai/,https://flashprintsolution.com/flex-banner-printing-dubai/,301
https://flashprintsolution.com/product/backlit-displays-printing-dubai/,https://flashprintsolution.com/backlit-signage-dubai/,301
https://flashprintsolution.com/product/office-name-boards-dubai/,https://flashprintsolution.com/office-name-boards-dubai/,301
https://flashprintsolution.com/product/flex-sign-boards-dubai/,https://flashprintsolution.com/flex-sign-board-dubai/,301
https://flashprintsolution.com/product/acp-sign-boards-dubai/,https://flashprintsolution.com/acp-sign-boards-dubai/,301
https://flashprintsolution.com/product/3d-letter-signage-dubai/,https://flashprintsolution.com/3d-letter-signs-dubai/,301
https://flashprintsolution.com/product/neon-sign-boards-dubai/,https://flashprintsolution.com/neon-sign-boards-dubai/,301
https://flashprintsolution.com/product/led-light-boxes-dubai/,https://flashprintsolution.com/led-light-box-signage-dubai/,301
https://flashprintsolution.com/product/company-profile-printing-dubai/,https://flashprintsolution.com/company-profile-printing-dubai/,301
https://flashprintsolution.com/product/brand-manuals-printing-dubai/,https://flashprintsolution.com/branding-corporate-identity-dubai/#brand-manuals,301
https://flashprintsolution.com/product/office-branding-dubai/,https://flashprintsolution.com/office-branding-dubai/,301
https://flashprintsolution.com/product/corporate-identity-kits-printing-dubai/,https://flashprintsolution.com/corporate-identity-printing-dubai/,301
https://flashprintsolution.com/product/car-stickers-printing-dubai/,https://flashprintsolution.com/vehicle-branding-dubai/#car-stickers,301
https://flashprintsolution.com/product/full-vehicle-wrapping-dubai/,https://flashprintsolution.com/vehicle-wrapping-dubai/,301
https://flashprintsolution.com/product/partial-wraps-dubai/,https://flashprintsolution.com/partial-vehicle-wrapping-dubai/,301
https://flashprintsolution.com/product/fleet-branding-dubai/,https://flashprintsolution.com/fleet-branding-dubai/,301
https://flashprintsolution.com/product/reflective-stickers-printing-dubai/,https://flashprintsolution.com/reflective-sticker-printing-dubai/,301
https://flashprintsolution.com/product/vinyl-stickers-printing-dubai/,https://flashprintsolution.com/vinyl-sticker-printing-dubai/,301
https://flashprintsolution.com/product/die-cut-stickers-printing-dubai/,https://flashprintsolution.com/die-cut-sticker-printing-dubai/,301
https://flashprintsolution.com/product/transparent-stickers-printing-dubai/,https://flashprintsolution.com/transparent-sticker-printing-dubai/,301
https://flashprintsolution.com/product/product-labels-printing-dubai/,https://flashprintsolution.com/product-label-printing-dubai/,301
https://flashprintsolution.com/product/barcode-labels-printing-dubai/,https://flashprintsolution.com/barcode-label-printing-dubai/,301
https://flashprintsolution.com/product/magnetic-stickers-printing-dubai/,https://flashprintsolution.com/magnetic-stickers-dubai/,301
https://flashprintsolution.com/product/custom-t-shirts-printing-dubai/,https://flashprintsolution.com/t-shirt-printing-dubai/,301
https://flashprintsolution.com/product/caps-printing-dubai/,https://flashprintsolution.com/branded-caps-dubai/,301
https://flashprintsolution.com/product/mugs-printing-dubai/,https://flashprintsolution.com/custom-mug-printing-dubai/,301
https://flashprintsolution.com/product/pens-printing-dubai/,https://flashprintsolution.com/branded-pens-dubai/,301
https://flashprintsolution.com/product/keychains-printing-dubai/,https://flashprintsolution.com/corporate-gifts-dubai/#keychains,301
https://flashprintsolution.com/product/diaries-printing-dubai/,https://flashprintsolution.com/custom-diary-printing-dubai/,301
https://flashprintsolution.com/product/usb-flash-drives-printing-dubai/,https://flashprintsolution.com/branded-usb-flash-drives-dubai/,301
https://flashprintsolution.com/product/t-shirt-printing-dubai/,https://flashprintsolution.com/t-shirt-printing-dubai/,301
https://flashprintsolution.com/product/polo-shirts-printing-dubai/,https://flashprintsolution.com/apparel-fabric-printing-dubai/#polo-shirts,301
https://flashprintsolution.com/product/hoodies-printing-dubai/,https://flashprintsolution.com/apparel-fabric-printing-dubai/#hoodies,301
https://flashprintsolution.com/product/uniform-printing-dubai/,https://flashprintsolution.com/uniform-printing-dubai/,301
https://flashprintsolution.com/product/safety-vest-printing-dubai/,https://flashprintsolution.com/safety-vest-printing-dubai/,301
https://flashprintsolution.com/product/doctor-cap-and-coat-printing-dubai/,https://flashprintsolution.com/apparel-fabric-printing-dubai/#doctor-cap-and-coat,301
https://flashprintsolution.com/product/medical-scrubs-printing-dubai/,https://flashprintsolution.com/apparel-fabric-printing-dubai/#doctor-uniform-medical-scrubs,301
https://flashprintsolution.com/product/paper-bags-printing-dubai/,https://flashprintsolution.com/paper-bag-printing-dubai/,301
https://flashprintsolution.com/product/kraft-bags-printing-dubai/,https://flashprintsolution.com/kraft-bag-printing-dubai/,301
https://flashprintsolution.com/product/custom-boxes-printing-dubai/,https://flashprintsolution.com/custom-box-printing-dubai/,301
https://flashprintsolution.com/product/product-packaging-printing-dubai/,https://flashprintsolution.com/product-packaging-printing-dubai/,301
https://flashprintsolution.com/product/labels-tags-printing-dubai/,https://flashprintsolution.com/product-tags-and-labels-printing-dubai/,301
https://flashprintsolution.com/product/exhibition-stands-printing-dubai/,https://flashprintsolution.com/exhibition-stand-printing-dubai/,301
https://flashprintsolution.com/product/pop-up-displays-printing-dubai/,https://flashprintsolution.com/pop-up-display-dubai/,301
https://flashprintsolution.com/product/event-backdrops-printing-dubai/,https://flashprintsolution.com/event-backdrop-printing-dubai/,301
https://flashprintsolution.com/product/stage-branding-dubai/,https://flashprintsolution.com/stage-branding-dubai/,301
https://flashprintsolution.com/product/directional-signage-dubai/,https://flashprintsolution.com/event-printing-dubai/#directional-signage,301
https://flashprintsolution.com/product/safety-signs-printing-dubai/,https://flashprintsolution.com/safety-signs-dubai/,301
https://flashprintsolution.com/product/warning-labels-printing-dubai/,https://flashprintsolution.com/warning-labels-dubai/,301
https://flashprintsolution.com/product/floor-stickers-printing-dubai/,https://flashprintsolution.com/safety-industrial-printing-dubai/#floor-stickers,301
https://flashprintsolution.com/product/reflective-signage-dubai/,https://flashprintsolution.com/reflective-signage-dubai/,301
https://flashprintsolution.com/product/construction-boards-printing-dubai/,https://flashprintsolution.com/safety-industrial-printing-dubai/#construction-boards,301
https://flashprintsolution.com/product/acrylic-letter-cutting-dubai/,https://flashprintsolution.com/acrylic-letter-cutting-dubai/,301
https://flashprintsolution.com/product/mdf-cutting-dubai/,https://flashprintsolution.com/laser-cutting-engraving-dubai/#mdf-cutting,301
https://flashprintsolution.com/product/wood-engraving-dubai/,https://flashprintsolution.com/wood-engraving-dubai/,301
https://flashprintsolution.com/product/metal-engraving-dubai/,https://flashprintsolution.com/metal-engraving-dubai/,301
https://flashprintsolution.com/product/plaques-trophies-engraving-dubai/,https://flashprintsolution.com/plaques-and-trophies-dubai/,301
https://flashprintsolution.com/product/shelf-talkers-printing-dubai/,https://flashprintsolution.com/shelf-talkers-dubai/,301
https://flashprintsolution.com/product/wobblers-printing-dubai/,https://flashprintsolution.com/wobbler-printing-dubai/,301
https://flashprintsolution.com/product/standee-displays-printing-dubai/,https://flashprintsolution.com/standee-printing-dubai/,301
https://flashprintsolution.com/product/counter-displays-printing-dubai/,https://flashprintsolution.com/counter-display-printing-dubai/,301
https://flashprintsolution.com/product/end-cap-displays-printing-dubai/,https://flashprintsolution.com/end-cap-display-printing-dubai/,301
https://flashprintsolution.com/product/wall-murals-printing-dubai/,https://flashprintsolution.com/wall-mural-printing-dubai/,301
https://flashprintsolution.com/product/frosted-glass-film-dubai/,https://flashprintsolution.com/frosted-glass-film-dubai/,301
https://flashprintsolution.com/product/glass-stickers-printing-dubai/,https://flashprintsolution.com/glass-sticker-printing-dubai/,301
https://flashprintsolution.com/product/floor-graphics-printing-dubai/,https://flashprintsolution.com/floor-graphics-dubai/,301
https://flashprintsolution.com/product/wayfinding-graphics-dubai/,https://flashprintsolution.com/wayfinding-signage-dubai/,301
https://flashprintsolution.com/product/wallpaper-printing-dubai/,https://flashprintsolution.com/wallpaper-printing-dubai/,301
https://flashprintsolution.com/product/canvas-printing-dubai/,https://flashprintsolution.com/canvas-printing-dubai/,301
https://flashprintsolution.com/product/interior-panels-printing-dubai/,https://flashprintsolution.com/interior-panel-printing-dubai/,301
https://flashprintsolution.com/product/window-displays-printing-dubai/,https://flashprintsolution.com/window-display-graphics-dubai/,301
https://flashprintsolution.com/product/project-sign-boards-dubai/,https://flashprintsolution.com/project-sign-boards-dubai/,301
https://flashprintsolution.com/product/safety-boards-printing-dubai/,https://flashprintsolution.com/construction-safety-boards-dubai/,301
https://flashprintsolution.com/product/hoarding-graphics-printing-dubai/,https://flashprintsolution.com/hoarding-graphics-dubai/,301
https://flashprintsolution.com/product/directional-site-signage-dubai/,https://flashprintsolution.com/construction-site-signage-dubai/,301
https://flashprintsolution.com/product/certificates-printing-dubai/,https://flashprintsolution.com/certificate-printing-dubai/,301
https://flashprintsolution.com/product/id-cards-printing-dubai/,https://flashprintsolution.com/id-card-printing-dubai/,301
https://flashprintsolution.com/product/training-manuals-printing-dubai/,https://flashprintsolution.com/training-manual-printing-dubai/,301
https://flashprintsolution.com/product/report-cards-printing-dubai/,https://flashprintsolution.com/report-card-printing-dubai/,301
https://flashprintsolution.com/product/exam-papers-printing-dubai/,https://flashprintsolution.com/exam-paper-printing-dubai/,301
https://flashprintsolution.com/product/restaurant-menus-printing-dubai/,https://flashprintsolution.com/restaurant-menu-printing-dubai/,301
https://flashprintsolution.com/product/table-mats-printing-dubai/,https://flashprintsolution.com/printed-table-mats-dubai/,301
https://flashprintsolution.com/product/custom-door-hanger-printing-dubai/,https://flashprintsolution.com/hotel-door-hanger-printing-dubai/,301
https://flashprintsolution.com/product/room-signage-dubai/,https://flashprintsolution.com/hospitality-printing-dubai/#room-signage,301
https://flashprintsolution.com/product/table-tent-card-printing-dubai/,https://flashprintsolution.com/tent-card-printing-dubai/,301
https://flashprintsolution.com/product/medical-forms-printing-dubai/,https://flashprintsolution.com/medical-form-printing-dubai/,301
https://flashprintsolution.com/product/prescription-pads-printing-dubai/,https://flashprintsolution.com/prescription-pad-printing-dubai/,301
https://flashprintsolution.com/product/hospital-signage-dubai/,https://flashprintsolution.com/hospital-signage-dubai/,301
https://flashprintsolution.com/product/safety-warning-labels-printing-dubai/,https://flashprintsolution.com/warning-labels-dubai/,301
https://flashprintsolution.com/product/patient-boards-printing-dubai/,https://flashprintsolution.com/patient-information-boards-dubai/,301
https://flashprintsolution.com/product/mandatory-signage-dubai/,https://flashprintsolution.com/mandatory-safety-signage-dubai/,301
https://flashprintsolution.com/product/regulatory-stickers-printing-dubai/,https://flashprintsolution.com/regulatory-stickers-dubai/,301
https://flashprintsolution.com/product/facility-identification-boards-dubai/,https://flashprintsolution.com/facility-signage-dubai/,301
https://flashprintsolution.com/product/pvc-stickers-printing-dubai/,https://flashprintsolution.com/pvc-sticker-printing-dubai/,301
https://flashprintsolution.com/product/paper-stickers-printing-dubai/,https://flashprintsolution.com/paper-sticker-printing-dubai/,301
https://flashprintsolution.com/product/custom-reflective-sticker-printing-dubai/,https://flashprintsolution.com/reflective-sticker-printing-dubai/,301
https://flashprintsolution.com/product/custom-transparent-stickers-printing-dubai/,https://flashprintsolution.com/transparent-sticker-printing-dubai/,301
https://flashprintsolution.com/product/magnetic-stickers-dubai/,https://flashprintsolution.com/magnetic-stickers-dubai/,301
https://flashprintsolution.com/product/sign-board-installation-dubai/,https://flashprintsolution.com/sign-board-installation-dubai/,301
https://flashprintsolution.com/product/vehicle-branding-installation-dubai/,https://flashprintsolution.com/vehicle-branding-installation-dubai/,301
https://flashprintsolution.com/product/sticker-fixing-dubai/,https://flashprintsolution.com/fabrication-installation-services-dubai/#sticker-fixing,301
https://flashprintsolution.com/product/on-site-branding-dubai/,https://flashprintsolution.com/on-site-branding-dubai/,301
https://flashprintsolution.com/product/graphic-design-dubai/,https://flashprintsolution.com/graphic-design-services-dubai/,301
https://flashprintsolution.com/product/logo-design-dubai/,https://flashprintsolution.com/logo-design-dubai/,301
https://flashprintsolution.com/product/artwork-correction-dubai/,https://flashprintsolution.com/artwork-correction-for-printing-dubai/,301
https://flashprintsolution.com/product/print-ready-file-setup-dubai/,https://flashprintsolution.com/print-ready-file-setup-dubai/,301
https://flashprintsolution.com/product/sign-maintenance-dubai/,https://flashprintsolution.com/design-creative-services-dubai/#sign-maintenance,301
https://flashprintsolution.com/product/sticker-removal-dubai/,https://flashprintsolution.com/sticker-removal-dubai/,301
https://flashprintsolution.com/product/rebranding-services-dubai/,https://flashprintsolution.com/rebranding-services-dubai/,301
https://flashprintsolution.com/product/damage-replacement-printing-dubai/,https://flashprintsolution.com/signage-replacement-dubai/,301
https://flashprintsolution.com/product/vinyl-printing-dubai/,https://flashprintsolution.com/vinyl-printing-dubai/,301
https://flashprintsolution.com/product/one-way-vision-printing-dubai/,https://flashprintsolution.com/large-format-printing-dubai/#one-way-vision,301
https://flashprintsolution.com/product/foam-board-printing-dubai/,https://flashprintsolution.com/large-format-printing-dubai/#foam-board-printing,301
https://flashprintsolution.com/product/acrylic-sign-board-dubai/,https://flashprintsolution.com/acrylic-signage-dubai/,301
https://flashprintsolution.com/product/foam-board-signs-dubai/,https://flashprintsolution.com/indoor-signage-dubai/#foam-board-signs,301
https://flashprintsolution.com/product/reception-signage-dubai/,https://flashprintsolution.com/reception-signage-dubai/,301
https://flashprintsolution.com/product/wall-graphics-printing-dubai/,https://flashprintsolution.com/wall-graphics-dubai/,301
https://flashprintsolution.com/product-category/uncategorized/,https://flashprintsolution.com/printing-products-dubai/,301
https://flashprintsolution.com/product-category/best-selling/,https://flashprintsolution.com/printing-products-dubai/,301
https://flashprintsolution.com/product-category/new-arrivals/,https://flashprintsolution.com/printing-products-dubai/,301
https://flashprintsolution.com/product-category/latest-collection/,https://flashprintsolution.com/printing-products-dubai/,301
https://flashprintsolution.com/product-category/business-stationery-printing-dubai/,https://flashprintsolution.com/business-stationery-printing-dubai/,301
https://flashprintsolution.com/product-category/marketing-promotional-printing-dubai/,https://flashprintsolution.com/marketing-promotional-printing-dubai/,301
https://flashprintsolution.com/product-category/large-format-signage-printing-dubai/,https://flashprintsolution.com/large-format-printing-dubai/,301
https://flashprintsolution.com/product-category/outdoor-signage-dubai/,https://flashprintsolution.com/outdoor-signage-dubai/,301
https://flashprintsolution.com/product-category/corporate-gifts-promotional-items-printing-dubai/,https://flashprintsolution.com/corporate-gifts-dubai/,301
https://flashprintsolution.com/product-category/event-exhibition-printing-dubai/,https://flashprintsolution.com/event-printing-dubai/,301
https://flashprintsolution.com/product-category/indoor-signage-dubai/,https://flashprintsolution.com/indoor-signage-dubai/,301
https://flashprintsolution.com/product-category/branding-corporate-identity-dubai/,https://flashprintsolution.com/branding-corporate-identity-dubai/,301
https://flashprintsolution.com/product-category/vehicle-branding-printing-dubai/,https://flashprintsolution.com/vehicle-branding-dubai/,301
https://flashprintsolution.com/product-category/sticker-label-printing-dubai/,https://flashprintsolution.com/sticker-label-printing-dubai/,301
https://flashprintsolution.com/product-category/apparel-fabric-printing-dubai/,https://flashprintsolution.com/apparel-fabric-printing-dubai/,301
https://flashprintsolution.com/product-category/packaging-printing-dubai/,https://flashprintsolution.com/packaging-printing-dubai/,301
https://flashprintsolution.com/product-category/safety-industrial-printing-dubai/,https://flashprintsolution.com/safety-industrial-printing-dubai/,301
https://flashprintsolution.com/product-category/laser-cutting-engraving-dubai/,https://flashprintsolution.com/laser-cutting-engraving-dubai/,301
https://flashprintsolution.com/product-category/pos-retail-display-printing-dubai/,https://flashprintsolution.com/pos-retail-display-printing-dubai/,301
https://flashprintsolution.com/product-category/wall-floor-glass-branding-dubai/,https://flashprintsolution.com/wall-floor-glass-branding-dubai/,301
https://flashprintsolution.com/product-category/architectural-interior-graphics-printing-dubai/,https://flashprintsolution.com/architectural-interior-graphics-dubai/,301
https://flashprintsolution.com/product-category/construction-site-printing-dubai/,https://flashprintsolution.com/construction-site-printing-dubai/,301
https://flashprintsolution.com/product-category/educational-institutional-printing-dubai/,https://flashprintsolution.com/educational-institutional-printing-dubai/,301
https://flashprintsolution.com/product-category/hospitality-printing-dubai/,https://flashprintsolution.com/hospitality-printing-dubai/,301
https://flashprintsolution.com/product-category/healthcare-medical-printing-dubai/,https://flashprintsolution.com/healthcare-medical-printing-dubai/,301
https://flashprintsolution.com/product-category/government-compliance-printing-dubai/,https://flashprintsolution.com/government-compliance-printing-dubai/,301
https://flashprintsolution.com/product-category/sticker-materials-dubai/,https://flashprintsolution.com/sticker-materials-dubai/,301
https://flashprintsolution.com/product-category/fabrication-installation-services-dubai/,https://flashprintsolution.com/fabrication-installation-services-dubai/,301
https://flashprintsolution.com/product-category/design-creative-services-dubai/,https://flashprintsolution.com/design-creative-services-dubai/,301
https://flashprintsolution.com/product-category/signage-maintenance-replacement-service-dubai/,https://flashprintsolution.com/maintenance-replacement-services-dubai/,301
https://flashprintsolution.com/product/,https://flashprintsolution.com/printing-products-dubai/,301
https://flashprintsolution.com/product-category/,https://flashprintsolution.com/printing-products-dubai/,301
https://flashprintsolution.com/sample-page/,,410
https://flashprintsolution.com/sample-2/,,410
https://flashprintsolution.com/,https://flashprintsolution.com/,200 (unchanged URL)
https://flashprintsolution.com/event-printing-dubai/,https://flashprintsolution.com/event-printing-dubai/,200 (unchanged URL)
https://flashprintsolution.com/business-stationery-printing-dubai/,https://flashprintsolution.com/business-stationery-printing-dubai/,200 (unchanged URL)
https://flashprintsolution.com/corporate-printing-dubai/,https://flashprintsolution.com/corporate-printing-dubai/,200 (unchanged URL)
https://flashprintsolution.com/large-format-printing-dubai/,https://flashprintsolution.com/large-format-printing-dubai/,200 (unchanged URL)
https://flashprintsolution.com/printing-products-dubai/,https://flashprintsolution.com/printing-products-dubai/,200 (unchanged URL)
